x_axis/optimization_steps,x_axis/samples_seen,x_axis/epochs,Training/Loss,Training/Accuracy,Training/learning_rate,Training/log_std_mean,Stats/epoch_time_seconds,Stats/samples_per_second,Test/Episode Reward Student on ID test,Test/Mean entropy Student on ID test,Test/Accuracy (under Student) on ID test,Test/Mean entropy Teacher (under Student) on ID test,Test/Mean loss Student vs Teacher on ID test,Test/Episode Reward Student on OD test,Test/Mean entropy Student on OD test,Test/Accuracy (under Student) on OD test,Test/Mean entropy Teacher (under Student) on OD test,Test/Mean loss Student vs Teacher on OD test,Test/Accuracy under Teacher ID,Test/Accuracy under Teacher OD,Generalization/ID_OD_reward_gap,Generalization/ID_OD_accuracy_gap,epoch,global_step
157,10000,1,17.204124450683594,0.8461050888891243,0.0002999981815164918,-2.638939380645752,6.370110750198364,1569.831419287114,-47.44710927268271,-2.671597480773926,0.23192173123359677,10.717794418334961,263.26409912109375,-48.45945294053635,-2.6736111640930176,0.2557561945915222,10.465741157531738,262.0817565917969,0.9791740601882338,0.9795925756916404,1.0123436678536422,-0.00041851550340654686,1,157
314,20000,2,12.934541702270508,0.9597481601652066,0.00029999272611020696,-2.906906843185425,4.7798943519592285,2092.0964489311577,,,,,,,,,,,,,,,2,314
471,30000,3,10.937524795532227,0.9764647282078672,0.00029998363391386197,-2.985551118850708,4.787303447723389,2088.858604681832,,,,,,,,,,,,,,,3,471
628,40000,4,9.666914939880371,0.9832546632013218,0.0002999709051486475,-3.1414361000061035,4.793054103851318,2086.3524139994147,,,,,,,,,,,,,,,4,628
785,50000,5,8.74538516998291,0.9872712645661916,0.0002999545401242232,-3.2077815532684326,6.3543860912323,1573.7161476224858,,,,,,,,,,,,,,,5,785
942,60000,6,7.887591361999512,0.9896871959731267,0.0002999345392387094,-3.5472919940948486,6.364213943481445,1571.2859575128698,,,,,,,,,,,,,,,6,942
1099,70000,7,6.736249923706055,0.9924712226797299,0.0002999109029786787,-3.5433361530303955,6.172660827636719,1620.0468937524024,-36.68671149668242,-3.3883056640625,0.5831859129481016,9.737626075744629,443.1780090332031,-38.022431596310696,-3.376349925994873,0.5818689858354629,9.93467903137207,445.5739440917969,0.9961092202691362,0.994565142178908,1.3357200996282756,0.0015440780902281626,7,1099
1256,80000,8,5.540822505950928,0.9943036984468389,0.00029988363191914296,-3.7021656036376953,4.757201194763184,2102.0763239965945,,,,,,,,,,,,,,,8,1256
1413,90000,9,5.155572414398193,0.9946468538222063,0.0002998527267235403,-3.879027843475342,6.090641975402832,1641.8630483264624,,,,,,,,,,,,,,,9,1413
1570,100000,10,4.640923500061035,0.9954113512771549,0.00029981818814371836,-3.728483200073242,6.191164970397949,1615.2049005015012,,,,,,,,,,,,,,,10,1570
1727,110000,11,4.142528057098389,0.9959268990791385,0.000299780017019915,-3.952469825744629,6.308179140090942,1585.2435033821557,,,,,,,,,,,,,,,11,1727
1884,120000,12,3.2180819511413574,0.9966963791098612,0.0002997382142807399,-3.9823241233825684,6.240875005722046,1602.3394140775677,,,,,,,,,,,,,,,12,1884
2041,130000,13,3.1914424896240234,0.996771461414885,0.000299692780943151,-3.847536087036133,6.21182107925415,1609.8338751895756,-36.013912502109726,-3.8765883445739746,0.6496651801466943,9.96540641784668,1210.9658203125,-37.2484055675382,-3.861543655395508,0.6091731461463497,10.006487846374512,1267.6224365234375,0.99904292121646,0.9954930184641853,1.2344930654284738,0.003549902752274736,13,2041
2198,140000,14,2.746880292892456,0.9971174278339537,0.00029964371811242954,-3.899796485900879,6.538818359375,1529.3283052682673,,,,,,,,,,,,,,,14,2198
2355,150000,15,2.5370306968688965,0.9973466294939233,0.0002995910269821534,-3.955256700515747,6.349690675735474,1574.8798659143688,,,,,,,,,,,,,,,15,2355
2512,160000,16,2.1439223289489746,0.9976340377448234,0.0002995347088341681,-3.9442591667175293,6.418302297592163,1558.044407436452,,,,,,,,,,,,,,,16,2512
2669,170000,17,2.2128782272338867,0.997588008773442,0.00029947476503855555,-3.9491870403289795,6.239667892456055,1602.649399351895,,,,,,,,,,,,,,,17,2669
2826,180000,18,1.9420970678329468,0.9977775735233371,0.00029941119705360073,-3.9622445106506348,5.7768754959106445,1731.0395571237143,,,,,,,,,,,,,,,18,2826
2983,190000,19,1.8622543811798096,0.9978148081350277,0.0002993440064257559,-3.927971601486206,4.724205493927002,2116.758048068626,,,,,,,,,,,,,,,19,2983
3140,200000,20,1.9266430139541626,0.9977797961973283,0.00029927319478960385,-3.9839251041412354,4.5933098793029785,2177.0793311940606,-35.648143228505695,-3.9465267658233643,0.679103389061056,10.049440383911133,988.6453247070312,-36.555319574632136,-3.9495933055877686,0.6622042260644958,9.881309509277344,1045.6131591796875,0.9989255772146862,0.9955775202717632,0.907176346126441,0.003348056942923061,20,3140
3297,210000,21,1.595235824584961,0.9979515037956131,0.0002991987638678174,-3.998037815093994,6.307605981826782,1585.387550968084,,,,,,,,,,,,,,,21,3297
3454,220000,22,1.841780424118042,0.9977745131194995,0.00029912071547111854,-3.943618059158325,6.359098672866821,1572.5499028137867,,,,,,,,,,,,,,,22,3454
3611,230000,23,1.5662050247192383,0.998010459333765,0.0002990390514982317,-4.0,6.2697625160217285,1594.9567426909769,,,,,,,,,,,,,,,23,3611
3768,240000,24,1.4097598791122437,0.9980804150194452,0.00029895377393584046,-3.9862239360809326,6.230042934417725,1605.12537477956,,,,,,,,,,,,,,,24,3768
3925,250000,25,1.2953805923461914,0.9981522495342288,0.00029886488485853776,-3.9805305004119873,6.266679525375366,1595.7414065148023,,,,,,,,,,,,,,,25,3925
4082,260000,26,1.1931018829345703,0.998186602698384,0.0002987723864287765,-3.9959516525268555,6.323679447174072,1581.357828703478,-30.377180690116813,-3.9925105571746826,0.7235571340622846,9.736261367797852,1035.9951171875,-33.28644218792357,-3.9928081035614014,0.6588108218996787,9.687414169311523,1397.4427490234375,0.999551806092495,0.9962713409215211,2.9092614978067566,0.003280465170973912,26,4082
4239,270000,27,1.0880119800567627,0.9982382933457922,0.000298676280896816,-3.9751951694488525,5.192526340484619,1925.8448285631034,,,,,,,,,,,,,,,27,4239
4396,280000,28,1.1941248178482056,0.9982172618842547,0.00029857657060066686,-3.997286796569824,6.254051923751831,1598.963379568643,,,,,,,,,,,,,,,28,4396
4553,290000,29,1.3134832382202148,0.9981630800779802,0.0002984732579660353,-4.0,6.1888322830200195,1615.8137016309984,,,,,,,,,,,,,,,29,4553
4710,300000,30,0.9324219226837158,0.9983146675665133,0.00029836634550626335,-4.0,6.196088790893555,1613.9213522403174,,,,,,,,,,,,,,,30,4710
4867,310000,31,0.863392174243927,0.9983529652488139,0.00029825583582226804,-3.9995718002319336,6.282227277755737,1591.7921396139618,,,,,,,,,,,,,,,31,4867
5024,320000,32,0.8562012910842896,0.9983472867719058,0.0002981417316024781,-4.0,5.82885217666626,1715.6036380595565,-34.11005184670204,-3.991718292236328,0.6854525896708947,9.811837196350098,1202.506591796875,-35.39811848754842,-3.993699550628662,0.6638257642218377,9.899920463562012,1364.614990234375,0.9996845278365072,0.9959810343571007,1.288066640846381,0.003703493479406461,32,5024
5181,330000,33,0.8498732447624207,0.9983471081811627,0.000298024035622768,-3.997342109680176,6.360723972320557,1572.1480830666735,,,,,,,,,,,,,,,33,5181
5338,340000,34,0.7410198450088501,0.9984080488608177,0.00029790275074639155,-4.0,6.28912878036499,1590.0453543296103,,,,,,,,,,,,,,,34,5338
5495,350000,35,0.7424740791320801,0.9984048109666213,0.0002977778799239109,-3.998971939086914,6.079348564147949,1644.9130847626516,,,,,,,,,,,,,,,35,5495
5652,360000,36,0.7562824487686157,0.9984042841909976,0.00029764942619312613,-3.9871954917907715,6.308149099349976,1585.2510526471945,,,,,,,,,,,,,,,36,5652
5809,370000,37,0.6732026934623718,0.9984323991652412,0.00029751739267900023,-3.997119426727295,6.251390218734741,1599.6441831500265,,,,,,,,,,,,,,,37,5809
5966,380000,38,0.6403737664222717,0.9984464404791605,0.0002973817825935833,-4.0,6.22434401512146,1606.5950043419737,,,,,,,,,,,,,,,38,5966
6123,390000,39,0.61268150806427,0.9984318992719173,0.00029724259923593596,-4.0,6.233646392822266,1604.1975065371855,,,,,,,,,,,,,,,39,6123
6280,400000,40,0.5522595047950745,0.9984742194454179,0.0002970998459920457,-4.0,6.082782745361328,1643.9844095411602,,,,,,,,,,,,,,,40,6280
6437,410000,41,0.5953384637832642,0.9984354190298528,0.0002969535263347481,-3.9967494010925293,6.190809011459351,1615.2977715012264,,,,,,,,,,,,,,,41,6437
6594,420000,42,0.5916692018508911,0.9984605134298704,0.00029680364382364,-3.9980950355529785,6.304356336593628,1586.2047552666104,,,,,,,,,,,,,,,42,6594
6751,430000,43,0.5259439945220947,0.9984837734195326,0.0002966502021049936,-4.0,6.262922763824463,1596.6985985778763,,,,,,,,,,,,,,,43,6751
6908,440000,44,0.448246031999588,0.9985111076310633,0.00029649320491166863,-4.0,6.261572360992432,1597.0429507924819,,,,,,,,,,,,,,,44,6908
7065,450000,45,0.45261797308921814,0.9985093977050203,0.00029633265606302054,-4.0,6.338784694671631,1577.5894720648864,,,,,,,,,,,,,,,45,7065
7222,460000,46,0.48355433344841003,0.9985152912032523,0.00029616855946480725,-4.0,6.173821449279785,1619.7423398382475,,,,,,,,,,,,,,,46,7222
7379,470000,47,0.44858264923095703,0.9985070142800071,0.00029600091910909557,-4.0,6.317671060562134,1582.8617704433348,,,,,,,,,,,,,,,47,7379
7536,480000,48,0.44897422194480896,0.9985150623507502,0.0002958297390741623,-4.0,6.305912494659424,1585.813315435182,,,,,,,,,,,,,,,48,7536
7693,490000,49,0.4342203438282013,0.998518418528104,0.0002956550235243964,-4.0,6.175305366516113,1619.3531180210514,,,,,,,,,,,,,,,49,7693
7850,500000,50,0.44398343563079834,0.9985150076577938,0.00029547677671019754,-4.0,6.387786865234375,1565.4874232615914,,,,,,,,,,,,,,,50,7850
8007,510000,51,0.4197326600551605,0.9985348616198749,0.0002952950029678717,-4.0,6.12782096862793,1631.901462395218,,,,,,,,,,,,,,,51,8007
8164,520000,52,0.4232330918312073,0.9985152308096528,0.00029510970671952654,-4.0,6.163755416870117,1622.3875419569913,,,,,,,,,,,,,,,52,8164
8321,530000,53,0.4875102639198303,0.9985078159648522,0.00029492089247296337,-4.0,6.250518083572388,1599.8673815986551,,,,,,,,,,,,,,,53,8321
8478,540000,54,0.36866578459739685,0.9985349045178088,0.0002947285648215682,-4.0,6.1479432582855225,1626.5602299635896,,,,,,,,,,,,,,,54,8478
8635,550000,55,0.3742125332355499,0.998530813921421,0.0002945327284442001,-3.999959945678711,6.196708917617798,1613.7598413843687,,,,,,,,,,,,,,,55,8635
8792,560000,56,0.32305312156677246,0.9985644713601773,0.00029433338810507523,-4.0,6.311612606048584,1584.3811438009895,,,,,,,,,,,,,,,56,8792
8949,570000,57,0.31033533811569214,0.9985592663421586,0.00029413054865365417,-4.0,6.373781442642212,1568.9273455624736,,,,,,,,,,,,,,,57,8949
9106,580000,58,0.35307103395462036,0.99855620306353,0.00029392421502452064,-4.0,6.328827142715454,1580.0715953366025,,,,,,,,,,,,,,,58,9106
9263,590000,59,0.29080599546432495,0.9985759666191034,0.00029371439223726463,-4.0,6.297337770462036,1587.9726266082594,,,,,,,,,,,,,,,59,9263
9420,600000,60,0.32616105675697327,0.9985728143613525,0.0002935010853963576,-4.0,6.2385547161102295,1602.935368055095,,,,,,,,,,,,,,,60,9420
9577,610000,61,0.305116206407547,0.9985681875782372,0.00029328429969103023,-4.0,6.1144859790802,1635.4604514939613,,,,,,,,,,,,,,,61,9577
9734,620000,62,0.31377503275871277,0.9985708345964575,0.000293064040395145,-4.0,5.074264049530029,1970.7291347848138,,,,,,,,,,,,,,,62,9734
9891,630000,63,0.2593039870262146,0.9985834684528434,0.0002928403128670687,-4.0,4.7831947803497314,2090.6528918876334,,,,,,,,,,,,,,,63,9891
10048,640000,64,0.2709125876426697,0.9985815934127992,0.00029261312254954115,-3.9999117851257324,4.578871965408325,2183.944009691968,-30.933003415397263,-3.997147798538208,0.751660496602417,9.682766914367676,968.4285888671875,-28.769574926530396,-3.9992592334747314,0.8123541350808228,9.73815631866455,706.7481079101562,0.9999240466953779,0.9966842051595449,-2.1634284888668667,0.00323984153583301,64,10048
10205,650000,65,0.2822713255882263,0.9985949564146791,0.0002923824749695436,-4.0,6.457285404205322,1548.638378828273,,,,,,,,,,,,,,,65,10205
10362,660000,66,0.27629315853118896,0.9985828853922653,0.00029214837573816416,-4.0,6.320438623428345,1582.1686746442576,,,,,,,,,,,,,,,66,10362
10519,670000,67,0.24659590423107147,0.9986001247262796,0.0002919108305504604,-4.0,6.404949903488159,1561.2924614061326,,,,,,,,,,,,,,,67,10519
10676,680000,68,0.27550405263900757,0.9985949888871389,0.0002916698451853223,-4.0,6.205870628356934,1611.3774519092094,,,,,,,,,,,,,,,68,10676
10833,690000,69,0.23277844488620758,0.9985951212179924,0.00029142542550533116,-4.0,6.156316518783569,1624.3479310215691,,,,,,,,,,,,,,,69,10833
10990,700000,70,0.23031215369701385,0.9985917741425371,0.0002911775774566151,-3.9997310638427734,6.388708829879761,1565.2615053029747,,,,,,,,,,,,,,,70,10990
11147,710000,71,0.26682335138320923,0.9985818980064445,0.000290926307068708,-4.0,6.330099821090698,1579.7539189953825,,,,,,,,,,,,,,,71,11147
11304,720000,72,0.24420839548110962,0.9986002424711089,0.0002906716204543997,-4.0,6.359273195266724,1572.5067461236151,,,,,,,,,,,,,,,72,11304
11461,730000,73,0.24463343620300293,0.9985956093155524,0.0002904135238095886,-4.0,6.2524847984313965,1599.364144397243,,,,,,,,,,,,,,,73,11461
11618,740000,74,0.21815398335456848,0.9985920885239674,0.0002901520234131307,-4.0,6.401390075683594,1562.1606997495958,,,,,,,,,,,,,,,74,11618
11775,750000,75,0.21110330522060394,0.9986057420614157,0.000289887125626687,-4.0,6.1891703605651855,1615.725439344154,,,,,,,,,,,,,,,75,11775
11932,760000,76,0.19211585819721222,0.9986139990724504,0.00028961883689456884,-4.0,6.138568162918091,1629.0443853679228,,,,,,,,,,,,,,,76,11932
12089,770000,77,0.21354469656944275,0.9986121261582834,0.0002893471637435802,-4.0,6.299929857254028,1587.3192601478795,,,,,,,,,,,,,,,77,12089
12246,780000,78,0.19543953239917755,0.9986102240498231,0.00028907211278285996,-4.0,6.186817407608032,1616.3399274888627,,,,,,,,,,,,,,,78,12246
12403,790000,79,0.20432281494140625,0.9986105994165692,0.0002887936907037216,-4.0,6.212672710418701,1609.6131996829515,,,,,,,,,,,,,,,79,12403
12560,800000,80,0.19436115026474,0.9986080406708228,0.00028851190427948883,-4.0,6.147067546844482,1626.7919497864264,,,,,,,,,,,,,,,80,12560
12717,810000,81,0.1928449422121048,0.9985945446989173,0.00028822676036533156,-4.0,6.173543214797974,1619.8153397598344,,,,,,,,,,,,,,,81,12717
12874,820000,82,0.1806126832962036,0.998618439740092,0.00028793826589809955,-4.0,6.241702556610107,1602.1269692529274,,,,,,,,,,,,,,,82,12874
13031,830000,83,0.18231278657913208,0.9986211883948203,0.000287646427896153,-4.0,6.349953889846802,1574.8145850302008,,,,,,,,,,,,,,,83,13031
13188,840000,84,0.17006467282772064,0.9986212288658283,0.00028735125345919247,-4.0,6.37791895866394,1567.909543036091,,,,,,,,,,,,,,,84,13188
13345,850000,85,0.1862993836402893,0.9986212517121499,0.000287052749768085,-4.0,6.2614545822143555,1597.0729913788678,,,,,,,,,,,,,,,85,13345
13502,860000,86,0.16886304318904877,0.998613814763268,0.0002867509240846907,-4.0,6.272671461105347,1594.2170831051046,,,,,,,,,,,,,,,86,13502
13659,870000,87,0.18010464310646057,0.9986063693353467,0.000286445783751686,-4.0,6.301029682159424,1587.0421985653784,,,,,,,,,,,,,,,87,13659
13816,880000,88,0.16381950676441193,0.9986175360954456,0.0002861373361923837,-3.9937827587127686,6.325704097747803,1580.8516878872645,,,,,,,,,,,,,,,88,13816
13973,890000,89,0.17869877815246582,0.9986207811547455,0.00028582558891055375,-4.0,6.3706464767456055,1569.6994075094906,,,,,,,,,,,,,,,89,13973
14130,900000,90,0.1618833988904953,0.9986091415563919,0.00028551054949023976,-4.0,6.251778841018677,1599.54474627106,,,,,,,,,,,,,,,90,14130
14287,910000,91,0.1666458249092102,0.9986206471028731,0.000285192225595576,-4.0,6.335772275924683,1578.339555857938,,,,,,,,,,,,,,,91,14287
14444,920000,92,0.16206564009189606,0.9986349595844105,0.00028487062497059915,-4.0,6.449188947677612,1550.5825742012187,,,,,,,,,,,,,,,92,14444
14601,930000,93,0.15606585144996643,0.9986227154605696,0.00028454575543906046,-4.0,6.262918472290039,1596.699692682331,,,,,,,,,,,,,,,93,14601
14758,940000,94,0.16708341240882874,0.998610864414175,0.0002842176249042371,-4.0,6.214623212814331,1609.1080114688782,,,,,,,,,,,,,,,94,14758
14915,950000,95,0.15309377014636993,0.9986227956054744,0.00028388624134873674,-4.0,6.195944309234619,1613.958986864311,,,,,,,,,,,,,,,95,14915
15072,960000,96,0.14748863875865936,0.998619344760219,0.00028355161283430435,-4.0,5.141271114349365,1945.0442852721478,-27.01190861816272,-4.0,0.8685820060237164,9.685065269470215,476.6782531738281,-28.70809291140161,-3.9999923706054688,0.8277230478072306,9.633471488952637,674.72607421875,0.9999535965445829,0.9968120028381235,1.6961842932388898,0.003141593706459389,96,15072
15229,970000,97,0.14944259822368622,0.9986349406672914,0.0002832137475016299,-4.0,5.886316776275635,1698.8552230665298,,,,,,,,,,,,,,,97,15229
15386,980000,98,0.1471681445837021,0.9986244145073412,0.0002828726535701441,-4.0,6.349978923797607,1574.808376532295,,,,,,,,,,,,,,,98,15386
15543,990000,99,0.16884756088256836,0.9986127355739557,0.00028252833933782313,-4.0,6.37671971321106,1568.2044138277488,,,,,,,,,,,,,,,99,15543
15700,1000000,100,0.15329962968826294,0.9986212900876821,0.0002821808131809851,-4.0,6.344137907028198,1576.2582949090283,,,,,,,,,,,,,,,100,15700
15857,1010000,101,0.12808974087238312,0.9986409449721478,0.00028183008355408575,-4.0,6.339938163757324,1577.3024502298242,,,,,,,,,,,,,,,101,15857
16014,1020000,102,0.1308869868516922,0.9986304025281411,0.0002814761589895131,-4.0,6.1129310131073,1635.8764688425367,,,,,,,,,,,,,,,102,16014
16171,1030000,103,0.1260329931974411,0.9986281302515833,0.00028111904809738103,-4.0,6.280921459197998,1592.1230769978272,,,,,,,,,,,,,,,103,16171
16328,1040000,104,0.1272277534008026,0.99864044673904,0.00028075875956531845,-4.0,6.280653238296509,1592.1910700346646,,,,,,,,,,,,,,,104,16328
16485,1050000,105,0.14653685688972473,0.9986246409744416,0.00028039530215825893,-4.0,6.606544017791748,1513.6507034645508,,,,,,,,,,,,,,,105,16485
16642,1060000,106,0.12375880032777786,0.9986183477200828,0.0002800286847182261,-4.0,6.175371885299683,1619.335674958256,,,,,,,,,,,,,,,106,16642
16799,1070000,107,0.14951737225055695,0.9986169247830192,0.00027965891616411973,-4.0,6.2109808921813965,1610.0516445942308,,,,,,,,,,,,,,,107,16799
16956,1080000,108,0.13887014985084534,0.9986255762803481,0.0002792860054914992,-4.0,6.3382086753845215,1577.7328441136135,,,,,,,,,,,,,,,108,16956
17113,1090000,109,0.1280231922864914,0.9986444015603121,0.00027890996177236307,-4.0,6.467952489852905,1546.0843312761285,,,,,,,,,,,,,,,109,17113
17270,1100000,110,0.13968169689178467,0.9986366378313974,0.00027853079415492913,-4.0,6.296100854873657,1588.2845955777925,,,,,,,,,,,,,,,110,17270
17427,1110000,111,0.12717922031879425,0.9986271897373887,0.00027814851186341215,-4.0,6.252824068069458,1599.2773650974434,,,,,,,,,,,,,,,111,17427
17584,1120000,112,0.11686891317367554,0.9986274330861937,0.0002777631241977997,-4.0,6.258993148803711,1597.7010618570996,,,,,,,,,,,,,,,112,17584
17741,1130000,113,0.11121814697980881,0.9986470769979594,0.0002773746405336245,-4.0,6.301531076431274,1586.915922290947,,,,,,,,,,,,,,,113,17741
17898,1140000,114,0.10606212913990021,0.998636913518451,0.00027698307032173846,-4.0,6.247921705245972,1600.5322204347813,,,,,,,,,,,,,,,114,17898
18055,1150000,115,0.12007538229227066,0.9986331121778045,0.00027658842308808093,-4.0,6.325409412384033,1580.9253359034385,,,,,,,,,,,,,,,115,18055
18212,1160000,116,0.12313835322856903,0.9986337049890927,0.00027619070843344764,-4.0,6.415369749069214,1558.7566096951573,,,,,,,,,,,,,,,116,18212
18369,1170000,117,0.11125022917985916,0.9986470743582234,0.00027578993603325733,-4.0,6.17393946647644,1619.7113778485343,,,,,,,,,,,,,,,117,18369
18526,1180000,118,0.13570670783519745,0.9986356202369129,0.0002753861156373157,-4.0,6.2921302318573,1589.2868760677602,,,,,,,,,,,,,,,118,18526
18683,1190000,119,0.122141532599926,0.9986279428295886,0.0002749792570695793,-4.0,6.298121213912964,1587.7750936119398,,,,,,,,,,,,,,,119,18683
18840,1200000,120,0.11482372879981995,0.9986288237991998,0.0002745693702279153,-4.0,6.057636022567749,1650.8089893062174,,,,,,,,,,,,,,,120,18840
18997,1210000,121,0.10339129716157913,0.9986359035235883,0.00027415646508386206,-4.0,6.2785398960113525,1592.726997936706,,,,,,,,,,,,,,,121,18997
19154,1220000,122,0.1019909605383873,0.9986364920156456,0.0002737405516823852,-4.0,6.224110126495361,1606.6553767149917,,,,,,,,,,,,,,,122,19154
19311,1230000,123,0.10574982315301895,0.9986330445805434,0.0002733216401416339,-4.0,6.149252414703369,1626.2139404278114,,,,,,,,,,,,,,,123,19311
19468,1240000,124,0.0981832891702652,0.9986476618685363,0.000272899740652695,-4.0,6.257720470428467,1598.0259980061555,,,,,,,,,,,,,,,124,19468
19625,1250000,125,0.09364370256662369,0.9986312180634433,0.00027247486347934427,-4.0,6.400099992752075,1562.4755880884213,,,,,,,,,,,,,,,125,19625
19782,1260000,126,0.09979987144470215,0.998657220009133,0.0002720470189577979,-4.0,6.359077453613281,1572.555150168507,,,,,,,,,,,,,,,126,19782
19939,1270000,127,0.11222116649150848,0.9986338713643835,0.00027161621749645994,-4.0,5.028465986251831,1988.6780635169218,,,,,,,,,,,,,,,127,19939
20096,1280000,128,0.09800324589014053,0.9986385910105922,0.0002711824695756697,-4.0,4.604328393936157,2171.8694116540155,-31.18685490786774,-3.9999709129333496,0.7243442813324509,9.87578010559082,1044.5614013671875,-32.246814298656346,-4.0,0.7133570997550851,9.698217391967773,1171.09423828125,0.9999645516916644,0.9967315471731126,1.059959390788606,0.0032330045185517964,128,20096
20253,1290000,129,0.0957169383764267,0.9986555638617782,0.000270745785747446,-4.0,6.383120536804199,1566.6318601288147,,,,,,,,,,,,,,,129,20253
20410,1300000,130,0.09149080514907837,0.9986506259865217,0.00027030617663523215,-4.0,6.3708062171936035,1569.660049149178,,,,,,,,,,,,,,,130,20410
20567,1310000,131,0.10493189841508865,0.9986484870907797,0.0002698636529336349,-4.0,6.246171712875366,1600.9806421726748,,,,,,,,,,,,,,,131,20567
20724,1320000,132,0.10583218187093735,0.9986530680544555,0.0002694182254081671,-4.0,6.239267826080322,1602.752162393111,,,,,,,,,,,,,,,132,20724
20881,1330000,133,0.09764572978019714,0.998652074357738,0.000268969904894984,-4.0,6.462027549743652,1547.501913760287,,,,,,,,,,,,,,,133,20881
21038,1340000,134,0.08736413717269897,0.9986426546104893,0.00026851870230062107,-4.0,6.215281009674072,1608.9377108508884,,,,,,,,,,,,,,,134,21038
21195,1350000,135,0.09504353255033493,0.998645541474674,0.00026806462860172594,-4.0,6.313262224197388,1583.9671543615173,,,,,,,,,,,,,,,135,21195
21352,1360000,136,0.08543912321329117,0.9986484330169749,0.00026760769484479395,-4.0,6.348023891448975,1575.293378065318,,,,,,,,,,,,,,,136,21352
21509,1370000,137,0.09871919453144073,0.9986360524150775,0.0002671479121458984,-4.0,6.363521575927734,1571.4569174760918,,,,,,,,,,,,,,,137,21509
21666,1380000,138,0.08816316723823547,0.9986498901504833,0.0002666852916904217,-4.0,6.334744453430176,1578.5956439939955,,,,,,,,,,,,,,,138,21666
21823,1390000,139,0.09979309886693954,0.9986414144655014,0.0002662198447327803,-4.0,6.345641851425171,1575.8847149172302,,,,,,,,,,,,,,,139,21823
21980,1400000,140,0.10324761271476746,0.9986360999903862,0.00026575158259615307,-4.0,6.238138437271118,1603.0423339521963,,,,,,,,,,,,,,,140,21980
22137,1410000,141,0.10100199282169342,0.9986310062283401,0.00026528051667220476,-4.0,6.304383039474487,1586.198036728677,,,,,,,,,,,,,,,141,22137
22294,1420000,142,0.09279391914606094,0.9986577189429574,0.00026480665842081047,-4.0,6.197882413864136,1613.4542949106053,,,,,,,,,,,,,,,142,22294
22451,1430000,143,0.09300351142883301,0.9986534588466025,0.00026433001936977457,-4.0,6.358100175857544,1572.796861233986,,,,,,,,,,,,,,,143,22451
22608,1440000,144,0.0866844654083252,0.9986528721986528,0.00026385061111455245,-4.0,6.38508415222168,1566.1500712595175,,,,,,,,,,,,,,,144,22608
22765,1450000,145,0.09074325114488602,0.9986406240225206,0.00026336844531796625,-4.0,6.299327373504639,1587.4710754136418,,,,,,,,,,,,,,,145,22765
22922,1460000,146,0.0850595012307167,0.9986487294926907,0.000262883533709923,-4.0,6.418251276016235,1558.0567930345867,,,,,,,,,,,,,,,146,22922
23079,1470000,147,0.08106273412704468,0.9986625096996486,0.0002623958880871294,-4.0,6.303100347518921,1586.52083080611,,,,,,,,,,,,,,,147,23079
23236,1480000,148,0.08372131735086441,0.9986483065187516,0.00026190552031280266,-4.0,6.220570802688599,1607.569516880652,,,,,,,,,,,,,,,148,23236
23393,1490000,149,0.07164742797613144,0.998661725750715,0.0002614124423163833,-4.0,6.350964784622192,1574.5639188888815,,,,,,,,,,,,,,,149,23393
23550,1500000,150,0.07883001863956451,0.9986623533182796,0.00026091666609324597,-4.0,6.312622308731079,1584.1277223522236,,,,,,,,,,,,,,,150,23550
23707,1510000,151,0.08405514061450958,0.9986493560273473,0.00026041820370440566,-4.0,6.162199974060059,1622.7970598317581,,,,,,,,,,,,,,,151,23707
23864,1520000,152,0.07506784796714783,0.9986562001375054,0.0002599170672762251,-4.0,6.296270132064819,1588.2418940498296,,,,,,,,,,,,,,,152,23864
24021,1530000,153,0.08044157177209854,0.998654613378873,0.0002594132690001206,-4.0,6.310637474060059,1584.6259654599246,,,,,,,,,,,,,,,153,24021
24178,1540000,154,0.08124499022960663,0.9986475290690555,0.00025890682113226363,-4.0,6.344965934753418,1576.0525907990752,,,,,,,,,,,,,,,154,24178
24335,1550000,155,0.08837132155895233,0.9986414381675126,0.00025839773599328433,-4.0,6.295271396636963,1588.4938662600255,,,,,,,,,,,,,,,155,24335
24492,1560000,156,0.07037011533975601,0.9986570136752099,0.0002578860259679714,-4.0,6.041175603866577,1655.306956083122,,,,,,,,,,,,,,,156,24492
24649,1570000,157,0.09048771113157272,0.9986371453762481,0.00025737170350496966,-4.0,4.46337890625,2240.455092440652,,,,,,,,,,,,,,,157,24649
24806,1580000,158,0.07921779155731201,0.9986491371850797,0.00025685478111647884,-4.0,4.996206521987915,2001.5185433169706,,,,,,,,,,,,,,,158,24806
24963,1590000,159,0.06705111265182495,0.9986630718388363,0.00025633527137794844,-4.0,5.427293539047241,1842.5389981311928,,,,,,,,,,,,,,,159,24963
25120,1600000,160,0.06511983275413513,0.9986608474327038,0.0002558131869277719,-4.0,4.798678159713745,2083.907206770568,-24.63868845784546,-4.0,0.9482013490075042,9.66766357421875,184.01832580566406,-28.74360931907837,-4.0,0.8345409350434784,9.636582374572754,643.361572265625,0.9999719406157965,0.9968193082604557,4.104920861232909,0.003152632355340801,160,25120
25277,1610000,161,0.0773623064160347,0.9986414706533193,0.0002552885404669788,-4.0,6.249817609786987,1600.0466932571542,,,,,,,,,,,,,,,161,25277
25434,1620000,162,0.07311859726905823,0.9986502676979775,0.0002547613447589253,-4.0,6.196225643157959,1613.885706541735,,,,,,,,,,,,,,,162,25434
25591,1630000,163,0.06187637150287628,0.9986612347538945,0.00025423161262898617,-4.0,6.306203365325928,1585.740170541291,,,,,,,,,,,,,,,163,25591
25748,1640000,164,0.06737569719552994,0.9986574038407902,0.0002536993569642402,-4.0,6.181205749511719,1617.807334886069,,,,,,,,,,,,,,,164,25748
25905,1650000,165,0.06859838962554932,0.99865372057494,0.0002531645907131569,-4.0,6.226865291595459,1605.9444891954265,,,,,,,,,,,,,,,165,25905
26062,1660000,166,0.06998386979103088,0.9986598335968769,0.00025262732688528344,-4.0,6.253652334213257,1599.06554851007,,,,,,,,,,,,,,,166,26062
26219,1670000,167,0.06553462892770767,0.998656476471146,0.00025208757855092653,-4.0,6.298385143280029,1587.70855902157,,,,,,,,,,,,,,,167,26219
26376,1680000,168,0.06597623229026794,0.9986446931628973,0.00025154535884083453,-4.0,6.201140403747559,1612.6066092547528,,,,,,,,,,,,,,,168,26376
26533,1690000,169,0.06721523404121399,0.9986739955830631,0.00025100068094587784,-4.0,6.330207347869873,1579.7270848268531,,,,,,,,,,,,,,,169,26533
26690,1700000,170,0.0613146610558033,0.998657235358901,0.00025045355811672925,-4.0,6.382676601409912,1566.7408243417867,,,,,,,,,,,,,,,170,26690
26847,1710000,171,0.05786425247788429,0.9986581274250428,0.0002499040036635401,-4.0,6.271001100540161,1594.6417230159052,,,,,,,,,,,,,,,171,26847
27004,1720000,172,0.07393522560596466,0.9986589022735608,0.0002493520309556184,-4.0,6.384745121002197,1566.2332341357935,,,,,,,,,,,,,,,172,27004
27161,1730000,173,0.06611404567956924,0.9986492818604064,0.00024879765342110144,-4.0,6.242751359939575,1601.857806506776,,,,,,,,,,,,,,,173,27161
27318,1740000,174,0.06432798504829407,0.998657280443515,0.00024824088454662913,-4.0,6.142704963684082,1627.9473064587019,,,,,,,,,,,,,,,174,27318
27475,1750000,175,0.06311965733766556,0.9986714452651928,0.0002476817378770184,-4.0,6.256032943725586,1598.4570557655682,,,,,,,,,,,,,,,175,27475
27632,1760000,176,0.06156662851572037,0.9986668692999608,0.00024712022701493043,-4.0,6.18560004234314,1616.6580334236976,,,,,,,,,,,,,,,176,27632
27789,1770000,177,0.04940367862582207,0.9986581531253934,0.00024655636562054387,-4.0,6.21664571762085,1608.5845091116219,,,,,,,,,,,,,,,177,27789
27946,1780000,178,0.06628831475973129,0.9986554877165182,0.00024599016741121756,-4.0,6.360293388366699,1572.2545155370522,,,,,,,,,,,,,,,178,27946
28103,1790000,179,0.06577309221029282,0.9986540003372713,0.0002454216461611609,-4.0,6.255590915679932,1598.5700047831663,,,,,,,,,,,,,,,179,28103
28260,1800000,180,0.06413105130195618,0.9986514599072883,0.00024485081570109734,-4.0,6.236109972000122,1603.5637673003828,,,,,,,,,,,,,,,180,28260
28417,1810000,181,0.06379903852939606,0.9986616866574118,0.0002442776899179271,-4.0,6.151219606399536,1625.693868838029,,,,,,,,,,,,,,,181,28417
28574,1820000,182,0.05566031485795975,0.9986613511477128,0.0002437022827543867,-4.0,6.386645078659058,1565.7672967321998,,,,,,,,,,,,,,,182,28574
28731,1830000,183,0.06340671330690384,0.9986654563686829,0.00024312460820871698,-4.0,6.214245557785034,1609.2058009314223,,,,,,,,,,,,,,,183,28731
28888,1840000,184,0.054514218121767044,0.9986531420315728,0.00024254468033431872,-4.0,6.137066125869751,1629.443091357076,,,,,,,,,,,,,,,184,28888
29045,1850000,185,0.05372824892401695,0.9986835504803439,0.00024196251323940976,-4.0,6.30041766166687,1587.1963633208327,,,,,,,,,,,,,,,185,29045
29202,1860000,186,0.05749138072133064,0.9986667601179604,0.00024137812108668196,-4.0,6.219641923904419,1607.8096009942703,,,,,,,,,,,,,,,186,29202
29359,1870000,187,0.060136303305625916,0.9986586942490202,0.0002407915180929588,-4.0,6.336337089538574,1578.19886453172,,,,,,,,,,,,,,,187,29359
29516,1880000,188,0.05345343425869942,0.9986636007692558,0.00024020271852884668,-4.0,6.175668716430664,1619.2578422146444,,,,,,,,,,,,,,,188,29516
29673,1890000,189,0.057660870254039764,0.9986689218073775,0.00023961173671838964,-4.0,6.411755323410034,1559.6353097706153,,,,,,,,,,,,,,,189,29673
29830,1900000,190,0.058262620121240616,0.9986562109960149,0.00023901858703872088,-4.0,6.236147165298462,1603.554203410368,,,,,,,,,,,,,,,190,29830
29987,1910000,191,0.05758333578705788,0.9986600936761209,0.00023842328391971186,-4.0,6.123808145523071,1632.9708185438,,,,,,,,,,,,,,,191,29987
30144,1920000,192,0.06054496765136719,0.9986569555172293,0.00023782584184362201,-4.0,4.5330235958099365,2206.0330789461186,-29.02830006324449,-4.0,0.8174663594961749,9.758353233337402,661.481689453125,-31.5125828817678,-4.0,0.7508667530526872,9.736404418945312,944.1842651367188,0.9999759332909889,0.9967491147574037,2.484282818523308,0.003226818533585196,192,30144
30301,1930000,193,0.06394098699092865,0.9986547467685868,0.00023722627534474662,-4.0,6.465803623199463,1546.598162078377,,,,,,,,,,,,,,,193,30301
30458,1940000,194,0.059834882616996765,0.9986518055910932,0.00023662459900906281,-4.0,6.1937713623046875,1614.5252084796077,,,,,,,,,,,,,,,194,30458
30615,1950000,195,0.060339029878377914,0.9986577343683583,0.0002360208274738752,-4.0,6.2274489402771,1605.7939769402647,,,,,,,,,,,,,,,195,30615
30772,1960000,196,0.06575622409582138,0.9986519084503328,0.00023541497542745854,-4.0,6.214648962020874,1609.1013444383202,,,,,,,,,,,,,,,196,30772
30929,1970000,197,0.05132289603352547,0.9986646990024834,0.00023480705760870211,-4.0,6.274376630783081,1593.783827215348,,,,,,,,,,,,,,,197,30929
31086,1980000,198,0.052369896322488785,0.9986499946128434,0.00023419708880675002,-4.0,6.315287828445435,1583.459102997304,,,,,,,,,,,,,,,198,31086
31243,1990000,199,0.055813267827034,0.9986643520981714,0.00023358508386064192,-4.0,6.206341028213501,1611.2553200897028,,,,,,,,,,,,,,,199,31243
31400,2000000,200,0.0559503436088562,0.9986658964008034,0.00023297105765895156,-4.0,6.282601833343506,1591.6972402941778,,,,,,,,,,,,,,,200,31400
31557,2010000,201,0.048662617802619934,0.9986547811919301,0.0002323550251394254,-4.0,6.134533882141113,1630.1157010660665,,,,,,,,,,,,,,,201,31557
31714,2020000,202,0.047736234962940216,0.998655332727684,0.00023173700128861793,-4.0,6.351201772689819,1574.5051657782344,,,,,,,,,,,,,,,202,31714
31871,2030000,203,0.05086006224155426,0.9986545549368984,0.0002311170011415283,-4.0,6.317412853240967,1582.9264656764972,,,,,,,,,,,,,,,203,31871
32028,2040000,204,0.05811602249741554,0.9986575512047916,0.00023049503978123416,-4.0,6.296373128890991,1588.215913398599,,,,,,,,,,,,,,,204,32028
32185,2050000,205,0.059826914221048355,0.9986726550369043,0.0002298711323385244,-4.0,6.292100429534912,1589.2944036716785,,,,,,,,,,,,,,,205,32185
32342,2060000,206,0.05379831790924072,0.9986675698755036,0.00022924529399153128,-4.0,6.36438512802124,1571.2436942214265,,,,,,,,,,,,,,,206,32342
32499,2070000,207,0.05540340021252632,0.9986672058351528,0.00022861753996536146,-4.0,6.196377754211426,1613.8460882575157,,,,,,,,,,,,,,,207,32499
32656,2080000,208,0.05157309025526047,0.9986702115349115,0.00022798788553172536,-4.0,6.304482936859131,1586.172902703098,,,,,,,,,,,,,,,208,32656
32813,2090000,209,0.04436909034848213,0.9986656261341065,0.00022735634600856523,-4.0,6.2688398361206055,1595.1914965797528,,,,,,,,,,,,,,,209,32813
32970,2100000,210,0.04598913714289665,0.9986601078965861,0.00022672293675968355,-4.0,6.227738857269287,1605.7192231699898,,,,,,,,,,,,,,,210,32970
33127,2110000,211,0.04480148106813431,0.9986641895186132,0.00022608767319436815,-4.0,6.1912922859191895,1615.1716860053477,,,,,,,,,,,,,,,211,33127
33284,2120000,212,0.046734172850847244,0.9986447077237105,0.00022545057076701748,-4.0,6.219574213027954,1607.8271047965475,,,,,,,,,,,,,,,212,33284
33441,2130000,213,0.04804471507668495,0.9986561874512013,0.00022481164497676587,-4.0,6.21931266784668,1607.8947198939127,,,,,,,,,,,,,,,213,33441
33598,2140000,214,0.04826640710234642,0.9986654323048202,0.00022417091136710485,-4.0,6.297768592834473,1587.8639954122611,,,,,,,,,,,,,,,214,33598
33755,2150000,215,0.04205671697854996,0.9986725494437584,0.0002235283855255061,-4.0,6.403432369232178,1561.6624684050626,,,,,,,,,,,,,,,215,33755
33912,2160000,216,0.04424181580543518,0.9986755589859643,0.00022288408308304193,-4.0,6.223992586135864,1606.6857184687701,,,,,,,,,,,,,,,216,33912
34069,2170000,217,0.04285023361444473,0.9986724658486593,0.00022223801971400458,-4.0,6.285602569580078,1590.9373666728773,,,,,,,,,,,,,,,217,34069
34226,2180000,218,0.04155252128839493,0.9986593955719938,0.00022159021113552584,-4.0,6.265538930892944,1596.0318992982193,,,,,,,,,,,,,,,218,34226
34383,2190000,219,0.04094620794057846,0.9986679954320833,0.00022094067310719377,-4.0,6.14820408821106,1626.491225165184,,,,,,,,,,,,,,,219,34383
34540,2200000,220,0.0472501665353775,0.9986671198984003,0.00022028942143067004,-4.0,6.316577911376953,1583.135701055589,,,,,,,,,,,,,,,220,34540
34697,2210000,221,0.04593880847096443,0.9986813284714772,0.00021963647194930467,-4.0,5.505655288696289,1816.3142215843209,,,,,,,,,,,,,,,221,34697
34854,2220000,222,0.04379553720355034,0.9986742176174833,0.00021898184054775145,-4.0,5.012830495834351,1994.8809376877944,,,,,,,,,,,,,,,222,34854
35011,2230000,223,0.04088776186108589,0.9986628215629488,0.00021832554315158126,-4.0,4.920858144760132,2032.16587550858,-24.580333368998353,-4.0,0.9501760047795325,9.761626243591309,182.65921020507812,-29.63501615107748,-4.0,0.8137794401787687,9.743191719055176,737.4369506835938,0.9999879699177654,0.9969211627147161,5.0546827820791265,0.0030668072030493043,223,35011
35168,2240000,224,0.042171407490968704,0.99866693255278,0.00021766759572689403,-4.0,6.237999439239502,1603.078053693948,,,,,,,,,,,,,,,224,35168
35325,2250000,225,0.04030151665210724,0.9986623191655833,0.00021700801427993095,-4.0,6.217838287353516,1608.2759856169043,,,,,,,,,,,,,,,225,35325
35482,2260000,226,0.040839362889528275,0.9986676868536231,0.00021634681485668527,-4.0,6.3261144161224365,1580.7491521990928,,,,,,,,,,,,,,,226,35482
35639,2270000,227,0.04158976301550865,0.9986642866846245,0.0002156840135425116,-4.0,6.316852569580078,1583.0668659510545,,,,,,,,,,,,,,,227,35639
35796,2280000,228,0.046261776238679886,0.9986811157132077,0.00021501962646173437,-4.0,6.279030799865723,1592.602476199647,,,,,,,,,,,,,,,228,35796
35953,2290000,229,0.04511953890323639,0.9986736150881109,0.00021435366977725614,-4.0,6.27708888053894,1593.0951736247227,,,,,,,,,,,,,,,229,35953
36110,2300000,230,0.04542706161737442,0.9986549391467598,0.0002136861596901635,-4.0,6.264570951461792,1596.278512523922,,,,,,,,,,,,,,,230,36110
36267,2310000,231,0.04260801151394844,0.9986747181462717,0.00021301711243933396,-4.0,6.239511251449585,1602.6896333710056,,,,,,,,,,,,,,,231,36267
36424,2320000,232,0.03885377198457718,0.9986652653756296,0.0002123465443010403,-4.0,6.403329372406006,1561.6875875686167,,,,,,,,,,,,,,,232,36424
36581,2330000,233,0.03646637871861458,0.998657356940987,0.0002116744715885547,-4.0,6.176938533782959,1618.9249650628583,,,,,,,,,,,,,,,233,36581
36738,2340000,234,0.03466087579727173,0.9986707246061534,0.00021100091065175206,-4.0,6.191995620727539,1614.9882222986832,,,,,,,,,,,,,,,234,36738
36895,2350000,235,0.032312288880348206,0.9986718302677166,0.0002103258778767123,-4.0,6.281998634338379,1591.8500754423042,,,,,,,,,,,,,,,235,36895
37052,2360000,236,0.03214886412024498,0.9986592532487016,0.00020964938968532094,-4.0,6.31686806678772,1583.0629822042874,,,,,,,,,,,,,,,236,37052
37209,2370000,237,0.03781610354781151,0.9986739618945452,0.00020897146253487072,-4.0,6.111888885498047,1636.1553993115695,,,,,,,,,,,,,,,237,37209
37366,2380000,238,0.04126257821917534,0.9986702588595936,0.0002082921129176606,-4.0,6.244905233383179,1601.3053243055376,,,,,,,,,,,,,,,238,37366
37523,2390000,239,0.037677738815546036,0.9986507698046755,0.00020761135736059445,-4.0,6.2034502029418945,1612.0061696082687,,,,,,,,,,,,,,,239,37523
37680,2400000,240,0.049380265176296234,0.9986718136410876,0.00020692921242477957,-4.0,6.2323479652404785,1604.5317199509325,,,,,,,,,,,,,,,240,37680
37837,2410000,241,0.03404662013053894,0.9986779766630346,0.00020624569470512294,-4.0,6.280094861984253,1592.3326350583834,,,,,,,,,,,,,,,241,37837
37994,2420000,242,0.037993572652339935,0.9986749142675311,0.00020556082082992826,-4.0,6.305043697357178,1586.0318310230903,,,,,,,,,,,,,,,242,37994
38151,2430000,243,0.033841654658317566,0.9986802824946405,0.00020487460746049108,-4.0,6.278236389160156,1592.803994648202,,,,,,,,,,,,,,,243,38151
38308,2440000,244,0.03483353555202484,0.9986657553662363,0.00020418707129069344,-4.0,6.192843437194824,1614.767126186175,,,,,,,,,,,,,,,244,38308
38465,2450000,245,0.03359517827630043,0.9986799122004882,0.0002034982290465988,-4.0,6.306329727172852,1585.7083965831632,,,,,,,,,,,,,,,245,38465
38622,2460000,246,0.03374321386218071,0.9986700983154498,0.00020280809748604293,-4.0,6.247026443481445,1600.7615928110329,,,,,,,,,,,,,,,246,38622
38779,2470000,247,0.03390366956591606,0.9986740517834866,0.0002021166933982281,-4.0,6.128342866897583,1631.7624873789753,,,,,,,,,,,,,,,247,38779
38936,2480000,248,0.036908648908138275,0.9986643342347222,0.00020142403360331348,-4.0,6.2256598472595215,1606.2554404416921,,,,,,,,,,,,,,,248,38936
39093,2490000,249,0.03618238866329193,0.9986675137648015,0.00020073013495200767,-4.0,6.289274215698242,1590.008585575687,,,,,,,,,,,,,,,249,39093
39250,2500000,250,0.033056337386369705,0.9986604062067701,0.0002000350143251563,-4.0,6.170775413513184,1620.5418816736258,,,,,,,,,,,,,,,250,39250
39407,2510000,251,0.033964235335588455,0.9986615439492817,0.00019933868863333338,-4.0,6.25725793838501,1598.1441229480445,,,,,,,,,,,,,,,251,39407
39564,2520000,252,0.03272760286927223,0.9986757441248839,0.00019864117481642885,-4.0,6.327425241470337,1580.4216752272916,,,,,,,,,,,,,,,252,39564
39721,2530000,253,0.03312071040272713,0.9986768840592662,0.0001979424898432374,-4.0,6.304272413253784,1586.2258710420738,,,,,,,,,,,,,,,253,39721
39878,2540000,254,0.03166062757372856,0.9986675607031626,0.0001972426507110443,-4.0,6.094295263290405,1640.8788166592446,,,,,,,,,,,,,,,254,39878
40035,2550000,255,0.030342545360326767,0.9986749635586681,0.0001965416744452135,-4.0,6.37063455581665,1569.7023447797033,-24.05575231246919,-4.0,0.9694819908417049,9.63416862487793,105.65206909179688,-30.37923700073521,-4.0,0.7708077729656361,9.763703346252441,970.8242797851562,0.999991585486805,0.9969830916146748,6.323484688266021,0.0030084938721302024,255,40035
40192,2560000,256,0.02957761101424694,0.9986719679951989,0.00019583957809877177,-4.0,4.524006128311157,2210.430250617956,,,,,,,,,,,,,,,256,40192
40349,2570000,257,0.027898333966732025,0.9986610264720538,0.0001951363787519951,-4.0,5.081406116485596,1967.9592165556342,,,,,,,,,,,,,,,257,40349
40506,2580000,258,0.030405361205339432,0.9986646848761885,0.0001944320935119928,-4.0,5.538678407669067,1805.4848582928403,,,,,,,,,,,,,,,258,40506
40663,2590000,259,0.03059554658830166,0.998662684888395,0.000193726739512291,-4.0,6.248540639877319,1600.3736834456013,,,,,,,,,,,,,,,259,40663
40820,2600000,260,0.0318974107503891,0.9986631948801921,0.00019302033391241656,-4.0,6.02740740776062,1659.0881159160483,,,,,,,,,,,,,,,260,40820
40977,2610000,261,0.026959480717778206,0.9986799869561793,0.00019231289389747916,-4.0,6.296256065368652,1588.2454423991871,,,,,,,,,,,,,,,261,40977
41134,2620000,262,0.0312909297645092,0.9986689712453313,0.00019160443667775245,-4.0,6.377086400985718,1568.1142407689947,,,,,,,,,,,,,,,262,41134
41291,2630000,263,0.03242127224802971,0.9986761202501833,0.00019089497948825718,-4.0,6.202199697494507,1612.3311869560866,,,,,,,,,,,,,,,263,41291
41448,2640000,264,0.027227209880948067,0.9986765314654334,0.00019018453958834065,-4.0,6.080637693405151,1644.5643539732112,,,,,,,,,,,,,,,264,41448
41605,2650000,265,0.027178555727005005,0.9986808150984454,0.0001894731342612567,-4.0,6.245270729064941,1601.2116101646127,,,,,,,,,,,,,,,265,41605
41762,2660000,266,0.029110951349139214,0.9986717396372763,0.00018876078081374575,-4.0,6.248863220214844,1600.2910685659378,,,,,,,,,,,,,,,266,41762
41919,2670000,267,0.028066040948033333,0.9986876799750207,0.0001880474965756138,-4.0,6.278976202011108,1592.6163244251627,,,,,,,,,,,,,,,267,41919
42076,2680000,268,0.029252970591187477,0.9986713846580416,0.00018733329889931074,-4.0,6.318930625915527,1582.5462553723062,,,,,,,,,,,,,,,268,42076
42233,2690000,269,0.028879527002573013,0.9986830032779094,0.00018661820515950787,-4.0,6.277668714523315,1592.9480281215085,,,,,,,,,,,,,,,269,42233
42390,2700000,270,0.0277191661298275,0.9986792097430214,0.00018590223275267604,-4.0,6.28482460975647,1591.134299034558,,,,,,,,,,,,,,,270,42390
42547,2710000,271,0.028576774522662163,0.9986682600485588,0.00018518539909666168,-4.0,6.316266059875488,1583.2138648379116,,,,,,,,,,,,,,,271,42547
42704,2720000,272,0.035145655274391174,0.9986731605878646,0.00018446772163026299,-4.0,6.108546257019043,1637.0507121083795,,,,,,,,,,,,,,,272,42704
42861,2730000,273,0.02936612255871296,0.9986743962237979,0.00018374921781280643,-4.0,6.262742519378662,1596.7445522560167,,,,,,,,,,,,,,,273,42861
43018,2740000,274,0.02709406055510044,0.9986600095730951,0.00018302990512372068,-4.0,6.145530462265015,1627.1988335917174,,,,,,,,,,,,,,,274,43018
43175,2750000,275,0.02828579768538475,0.9986737085933424,0.00018230980106211372,-4.0,6.081672430038452,1644.2845475544254,,,,,,,,,,,,,,,275,43175
43332,2760000,276,0.028280189260840416,0.998661967809312,0.00018158892314634447,-4.0,6.25731635093689,1598.1292041439985,,,,,,,,,,,,,,,276,43332
43489,2770000,277,0.022695841267704964,0.9986717004853948,0.00018086728891359831,-4.0,6.277252197265625,1593.0537256980062,,,,,,,,,,,,,,,277,43489
43646,2780000,278,0.024708760902285576,0.998659698601818,0.00018014491591946,-4.0,6.261821269989014,1596.9794679268362,,,,,,,,,,,,,,,278,43646
43803,2790000,279,0.02519780397415161,0.9986734256366339,0.00017942182173748638,-4.0,6.200282573699951,1612.8297188288643,,,,,,,,,,,,,,,279,43803
43960,2800000,280,0.025654984638094902,0.9986563284405371,0.00017869802395877854,-4.0,6.268801689147949,1595.2012036544727,,,,,,,,,,,,,,,280,43960
44117,2810000,281,0.023538857698440552,0.9986779474338908,0.00017797354019155547,-4.0,6.189072847366333,1615.7508962356696,,,,,,,,,,,,,,,281,44117
44274,2820000,282,0.02423762157559395,0.9986737129615122,0.00017724838806072374,-4.0,6.289944648742676,1589.8391096333326,,,,,,,,,,,,,,,282,44274
44431,2830000,283,0.024145834147930145,0.9986802342393774,0.00017652258520744978,-4.0,6.35383152961731,1573.8535013694798,,,,,,,,,,,,,,,283,44431
44588,2840000,284,0.025640010833740234,0.9986726811858617,0.0001757961492887304,-4.0,6.360731840133667,1572.14613842137,,,,,,,,,,,,,,,284,44588
44745,2850000,285,0.02391950413584709,0.9986760709442163,0.00017506909797696376,-4.0,6.292237281799316,1589.259837502571,,,,,,,,,,,,,,,285,44745
44902,2860000,286,0.02332177385687828,0.9986827028247937,0.00017434144895951852,-4.0,6.304213762283325,1586.2406284234398,,,,,,,,,,,,,,,286,44902
45059,2870000,287,0.02068076841533184,0.9986764630310202,0.00017361321993830396,-4.0,6.17475700378418,1619.4969281983942,-25.547542832422373,-4.0,0.9311983091269032,9.669187545776367,275.70806884765625,-30.558983431416557,-4.0,0.7498261139728128,9.723260879516602,1007.2662963867188,0.999990965539564,0.9969975041341967,5.011440598994184,0.0029934614053672703,287,45059
45216,2880000,288,0.02355164848268032,0.9986554624395635,0.00017288442862934005,-4.0,5.139007091522217,1945.9011871178245,,,,,,,,,,,,,,,288,45216
45373,2890000,289,0.023318380117416382,0.9986743352332917,0.00017215509276232528,-4.0,6.293278932571411,1588.996786435785,,,,,,,,,,,,,,,289,45373
45530,2900000,290,0.02488522231578827,0.9986816445805998,0.0001714252300802061,-4.0,6.272480726242065,1594.2655603807882,,,,,,,,,,,,,,,290,45530
45687,2910000,291,0.021519767120480537,0.9986775694466878,0.000170694858338745,-4.0,6.419951677322388,1557.6441229804968,,,,,,,,,,,,,,,291,45687
45844,2920000,292,0.031197858974337578,0.9986772270803488,0.00016996399530608877,-4.0,6.230973958969116,1604.8855388980714,,,,,,,,,,,,,,,292,45844
46001,2930000,293,0.0243170578032732,0.9986742196929386,0.00016923265876233627,-4.0,6.2662575244903564,1595.8488716617683,,,,,,,,,,,,,,,293,46001
46158,2940000,294,0.022650212049484253,0.9986662939227939,0.00016850086649910524,-4.0,6.230882406234741,1604.9091200940989,,,,,,,,,,,,,,,294,46158
46315,2950000,295,0.02243461087346077,0.9986694441065727,0.0001677686363190999,-4.0,6.349371671676636,1574.958990762525,,,,,,,,,,,,,,,295,46315
46472,2960000,296,0.022441187873482704,0.9986753773031709,0.0001670359860356783,-4.0,6.140057802200317,1628.6491629470418,,,,,,,,,,,,,,,296,46472
46629,2970000,297,0.02146262489259243,0.9986609735816812,0.00016630293347241903,-4.0,6.182433366775513,1617.4860943492163,,,,,,,,,,,,,,,297,46629
46786,2980000,298,0.021008381620049477,0.9986830528752855,0.00016556949646268616,-4.0,6.15427565574646,1624.8865925696152,,,,,,,,,,,,,,,298,46786
46943,2990000,299,0.02304837480187416,0.9986672913359039,0.00016483569284919688,-4.0,6.397885322570801,1563.0164493135674,,,,,,,,,,,,,,,299,46943
47100,3000000,300,0.021908137947320938,0.9986709225974728,0.00016410154048358702,-4.0,6.25549840927124,1598.5936444614956,,,,,,,,,,,,,,,300,47100
47257,3010000,301,0.01948821358382702,0.9986741899321402,0.00016336705722597633,-4.0,6.234228849411011,1604.047628271581,,,,,,,,,,,,,,,301,47257
47414,3020000,302,0.01951989345252514,0.9986727705238695,0.00016263226094453463,-4.0,6.321053981781006,1582.0146495857678,,,,,,,,,,,,,,,302,47414
47571,3030000,303,0.022006526589393616,0.9986771429580441,0.00016189716951504706,-4.0,6.387187480926514,1565.634331207923,,,,,,,,,,,,,,,303,47571
47728,3040000,304,0.018937354907393456,0.998674221062487,0.00016116180082047831,-4.0,6.185041427612305,1616.8040452172743,,,,,,,,,,,,,,,304,47728
47885,3050000,305,0.019509801641106606,0.9986678425513302,0.00016042617275053878,-4.0,6.405351161956787,1561.1946553988892,,,,,,,,,,,,,,,305,47885
48042,3060000,306,0.01998765394091606,0.9986784442366474,0.00015969030320124884,-4.0,6.156931638717651,1624.185647460392,,,,,,,,,,,,,,,306,48042
48199,3070000,307,0.025408301502466202,0.9986702798558755,0.00015895421007450355,-4.0,6.27976131439209,1592.4172113168997,,,,,,,,,,,,,,,307,48199
48356,3080000,308,0.019922960549592972,0.9986759387942885,0.00015821791127763643,-4.0,6.257888078689575,1597.9831972472791,,,,,,,,,,,,,,,308,48356
48513,3090000,309,0.019050519913434982,0.9986665000787575,0.00015748142472298498,-4.0,6.314978361129761,1583.5367008622627,,,,,,,,,,,,,,,309,48513
48670,3100000,310,0.01787405274808407,0.9986680732953961,0.0001567447683274544,-4.0,6.191155195236206,1615.2074507346408,,,,,,,,,,,,,,,310,48670
48827,3110000,311,0.0174246933311224,0.9986853433482255,0.00015600796001208139,-4.0,6.169123411178589,1620.9758394328403,,,,,,,,,,,,,,,311,48827
48984,3120000,312,0.02056404948234558,0.9986740901946108,0.00015527101770159882,-4.0,6.242767810821533,1601.8535853064227,,,,,,,,,,,,,,,312,48984
49141,3130000,313,0.01845613494515419,0.9986817983200086,0.0001545339593239992,-4.0,6.420753240585327,1557.4496675546407,,,,,,,,,,,,,,,313,49141
49298,3140000,314,0.01898697204887867,0.9986710886338986,0.00015379680281009847,-4.0,6.194901466369629,1614.230678936086,,,,,,,,,,,,,,,314,49298
49455,3150000,315,0.018788062036037445,0.99868304171202,0.00015305956609310022,-4.0,6.261713743209839,1597.0068914191318,,,,,,,,,,,,,,,315,49455
49612,3160000,316,0.0208309143781662,0.9986697648174373,0.00015232226710815906,-4.0,6.1873555183410645,1616.1993553396412,,,,,,,,,,,,,,,316,49612
49769,3170000,317,0.016936324536800385,0.9986781323014219,0.00015158492379194462,-4.0,6.273675918579102,1593.9618382877607,,,,,,,,,,,,,,,317,49769
49926,3180000,318,0.017474159598350525,0.9986817363885403,0.00015084755408220477,-4.0,5.6610190868377686,1766.4663988239572,,,,,,,,,,,,,,,318,49926
50083,3190000,319,0.015202081762254238,0.9986885854600673,0.00015011017591732952,-4.0,4.385935306549072,2280.0153903474165,-24.421902230153883,-4.0,0.9548187343006795,9.649709701538086,160.31097412109375,-27.366110727122912,-4.0,0.9036335849628084,9.731546401977539,350.09033203125,0.9999914337689916,0.9970334093784914,2.944208496969029,0.0029580243905001913,319,50083
50240,3200000,320,0.017969850450754166,0.9986741932829735,0.00014937280723591474,-4.0,6.232078313827515,1604.6011453053075,,,,,,,,,,,,,,,320,50240
50397,3210000,321,0.01803482510149479,0.9986703877847428,0.0001486354659763252,-4.0,6.359857797622681,1572.3622002583152,,,,,,,,,,,,,,,321,50397
50554,3220000,322,0.015535351820290089,0.9986771602104981,0.0001478981700762592,-4.0,6.350536346435547,1574.670146658217,,,,,,,,,,,,,,,322,50554
50711,3230000,323,0.019031517207622528,0.9986835769607514,0.00014716093747231082,-4.0,6.175515413284302,1619.2980392355198,,,,,,,,,,,,,,,323,50711
50868,3240000,324,0.017593562602996826,0.9986729838404875,0.0001464237860995351,-4.0,6.39606499671936,1563.461285201003,,,,,,,,,,,,,,,324,50868
51025,3250000,325,0.01692955382168293,0.9986702653247223,0.00014568673389101023,-4.0,6.270965814590454,1594.6506958678235,,,,,,,,,,,,,,,325,51025
51182,3260000,326,0.013805868104100227,0.9986597520601788,0.0001449497987774022,-4.0,6.144436836242676,1627.488452809127,,,,,,,,,,,,,,,326,51182
51339,3270000,327,0.014948593452572823,0.9986852899069192,0.00014421299868652866,-4.0,6.21625542640686,1608.6855050260108,,,,,,,,,,,,,,,327,51339
51496,3280000,328,0.01511238794773817,0.9986882933821813,0.00014347635154292188,-4.0,6.171156167984009,1620.4418957796033,,,,,,,,,,,,,,,328,51496
51653,3290000,329,0.014787581749260426,0.9986835536191085,0.00014273987526739398,-4.0,6.289956569671631,1589.8360965188751,,,,,,,,,,,,,,,329,51653
51810,3300000,330,0.014359613880515099,0.998683216512221,0.00014200358777659977,-4.0,6.209836959838867,1610.3482369462208,,,,,,,,,,,,,,,330,51810
51967,3310000,331,0.015307534486055374,0.9986792862968472,0.00014126750698260145,-4.0,6.202689170837402,1612.203952926749,,,,,,,,,,,,,,,331,51967
52124,3320000,332,0.014497746713459492,0.9986755704784552,0.0001405316507924331,-4.0,6.325272560119629,1580.9595404709123,,,,,,,,,,,,,,,332,52124
52281,3330000,333,0.014326280914247036,0.9986768515645615,0.00013979603710766468,-4.0,6.197623014450073,1613.5218254941437,,,,,,,,,,,,,,,333,52281
52438,3340000,334,0.01356193795800209,0.9986746881363296,0.00013906068382396657,-4.0,6.208210706710815,1610.770070866058,,,,,,,,,,,,,,,334,52438
52595,3350000,335,0.01410589087754488,0.9986721940819103,0.00013832560883067358,-4.0,6.179985523223877,1618.126767841255,,,,,,,,,,,,,,,335,52595
52752,3360000,336,0.01392202079296112,0.9986784203373975,0.00013759083001035156,-4.0,6.223515033721924,1606.809005170761,,,,,,,,,,,,,,,336,52752
52909,3370000,337,0.01445054728537798,0.9986885822523432,0.00013685636523836048,-4.0,6.247718334197998,1600.584319760899,,,,,,,,,,,,,,,337,52909
53066,3380000,338,0.013193212449550629,0.9986728256046298,0.00013612223238242005,-4.0,6.311574459075928,1584.3907197545907,,,,,,,,,,,,,,,338,53066
53223,3390000,339,0.01377012673765421,0.9986743614727122,0.0001353884493021759,-4.0,6.099271059036255,1639.5401849184416,,,,,,,,,,,,,,,339,53223
53380,3400000,340,0.015398772433400154,0.9986721088925886,0.00013465503384876433,-4.0,6.250114679336548,1599.9706426285131,,,,,,,,,,,,,,,340,53380
53537,3410000,341,0.013162078335881233,0.9986813098702366,0.00013392200386437792,-4.0,6.278558731079102,1592.7222199100606,,,,,,,,,,,,,,,341,53537
53694,3420000,342,0.014017296954989433,0.9986672629498443,0.00013318937718183148,-4.0,6.140199184417725,1628.611662204294,,,,,,,,,,,,,,,342,53694
53851,3430000,343,0.012799366377294064,0.9986871864949205,0.00013245717162412978,-4.0,6.203071355819702,1612.1046214659502,,,,,,,,,,,,,,,343,53851
54008,3440000,344,0.011255438439548016,0.998673019516964,0.0001317254050040312,-4.0,6.153717994689941,1625.0338427319914,,,,,,,,,,,,,,,344,54008
54165,3450000,345,0.013251549564301968,0.9986770956956479,0.00013099409512361648,-4.0,6.182836055755615,1617.3807472528692,,,,,,,,,,,,,,,345,54165
54322,3460000,346,0.013301078230142593,0.9986599118124018,0.00013026325977385513,-4.0,6.196086883544922,1613.9218490556048,,,,,,,,,,,,,,,346,54322
54479,3470000,347,0.012421087361872196,0.9986872966178829,0.00012953291673417196,-4.0,6.144215822219849,1627.5469953116153,,,,,,,,,,,,,,,347,54479
54636,3480000,348,0.012557219713926315,0.9986800401179404,0.00012880308377201567,-4.0,6.23162841796875,1604.7169903720899,,,,,,,,,,,,,,,348,54636
54793,3490000,349,0.01230899803340435,0.998683390008867,0.00012807377864242558,-4.0,6.265308141708374,1596.0906908041206,,,,,,,,,,,,,,,349,54793
54950,3500000,350,0.012522411532700062,0.998669606175238,0.00012734501908760065,-4.0,6.197945594787598,1613.4378476006448,,,,,,,,,,,,,,,350,54950
55107,3510000,351,0.01164272427558899,0.9986860440001426,0.00012661682283646693,-4.0,6.150593996047974,1625.859226999122,-24.70633063199822,-4.0,0.9417090652143452,9.678766250610352,218.2166290283203,-29.855422954334074,-4.0,0.7793997665279313,9.738479614257812,896.10986328125,0.9999952199067593,0.9970571661018767,5.149092322335854,0.0029380538048826566,351,55107
55264,3520000,352,0.010981378145515919,0.9986826172580492,0.00012588920760424674,-4.0,4.68698525428772,2133.5676255545845,,,,,,,,,,,,,,,352,55264
55421,3530000,353,0.011301955208182335,0.9986719836000424,0.00012516219109202798,-4.0,4.945661306381226,2021.9742882710802,,,,,,,,,,,,,,,353,55421
55578,3540000,354,0.011498477309942245,0.9986670845874829,0.00012443579098633237,-4.0,6.079728603363037,1644.8102624956716,,,,,,,,,,,,,,,354,55578
55735,3550000,355,0.011190886609256268,0.9986773092510286,0.0001237100249586869,-4.0,6.39846134185791,1562.8757392939592,,,,,,,,,,,,,,,355,55735
55892,3560000,356,0.009619630873203278,0.9986752269605684,0.00012298491066519267,-4.0,6.173119783401489,1619.9264473837632,,,,,,,,,,,,,,,356,55892
56049,3570000,357,0.010323581285774708,0.9986691026856447,0.00012226046574609624,-4.0,6.340421676635742,1577.1821670551803,,,,,,,,,,,,,,,357,56049
56206,3580000,358,0.011181758716702461,0.9986787492855731,0.00012153670782535783,-4.0,6.245820045471191,1601.070784492253,,,,,,,,,,,,,,,358,56206
56363,3590000,359,0.012914949096739292,0.9986772783357164,0.00012081365451022667,-4.0,6.196454286575317,1613.8261556556795,,,,,,,,,,,,,,,359,56363
56520,3600000,360,0.011463294737040997,0.9986772294360907,0.00012009132339081045,-4.0,6.27476692199707,1593.68469368059,,,,,,,,,,,,,,,360,56520
56677,3610000,361,0.012440729886293411,0.9986674440513027,0.00011936973203964715,-4.0,6.216246128082275,1608.687911314255,,,,,,,,,,,,,,,361,56677
56834,3620000,362,0.01095788273960352,0.998672430817287,0.00011864889801127837,-4.0,6.285319566726685,1591.0090002325649,,,,,,,,,,,,,,,362,56834
56991,3630000,363,0.010578596964478493,0.9986773062687201,0.00011792883884182162,-4.0,6.193976640701294,1614.4717005047958,,,,,,,,,,,,,,,363,56991
57148,3640000,364,0.010350937955081463,0.998672397479498,0.00011720957204854419,-4.0,6.175292253494263,1619.3565566620014,,,,,,,,,,,,,,,364,57148
57305,3650000,365,0.00882506649941206,0.9986741530789051,0.00011649111512943677,-4.0,6.437127351760864,1553.4879851747098,,,,,,,,,,,,,,,365,57305
57462,3660000,366,0.009896315634250641,0.9986782665987304,0.00011577348556278763,-4.0,6.2068986892700195,1611.1105562730038,,,,,,,,,,,,,,,366,57462
57619,3670000,367,0.00936120469123125,0.9986690660229748,0.00011505670080675798,-4.0,6.237818002700806,1603.124681686813,,,,,,,,,,,,,,,367,57619
57776,3680000,368,0.009338496252894402,0.9986877254504046,0.00011434077829895635,-4.0,6.262725114822388,1596.7489897221208,,,,,,,,,,,,,,,368,57776
57933,3690000,369,0.011834154836833477,0.9986738889540433,0.00011362573545601537,-4.0,6.447829961776733,1550.9093849063674,,,,,,,,,,,,,,,369,57933
58090,3700000,370,0.00949951447546482,0.9986809486134726,0.00011291158967316733,-4.0,6.101361989974976,1638.9783160597253,,,,,,,,,,,,,,,370,58090
58247,3710000,371,0.009028014726936817,0.9986852046590191,0.00011219835832382123,-4.0,6.344842433929443,1576.0832682817106,,,,,,,,,,,,,,,371,58247
58404,3720000,372,0.00875615980476141,0.9986864291005442,0.00011148605875914025,-4.0,6.325853109359741,1580.8144493908633,,,,,,,,,,,,,,,372,58404
58561,3730000,373,0.009588592685759068,0.9986705675863536,0.00011077470830761957,-4.0,6.2114417552948,1609.9321854665595,,,,,,,,,,,,,,,373,58561
58718,3740000,374,0.008015929721295834,0.9986692882857766,0.00011006432427466458,-4.0,6.288140296936035,1590.2953063678635,,,,,,,,,,,,,,,374,58718
58875,3750000,375,0.008358440361917019,0.9986817059715154,0.00010935492394217049,-4.0,6.149158954620361,1626.2386569932771,,,,,,,,,,,,,,,375,58875
59032,3760000,376,0.007779648993164301,0.9986755338669487,0.00010864652456810112,-4.0,6.26658821105957,1595.764659045496,,,,,,,,,,,,,,,376,59032
59189,3770000,377,0.00870051234960556,0.9986872012366594,0.00010793914338606958,-4.0,6.229140758514404,1605.357847521961,,,,,,,,,,,,,,,377,59189
59346,3780000,378,0.008947227150201797,0.9986789736705447,0.00010723279760491883,-4.0,6.268935680389404,1595.1671080758058,,,,,,,,,,,,,,,378,59346
59503,3790000,379,0.008230037055909634,0.9986791913901829,0.00010652750440830314,-4.0,6.2376134395599365,1603.177256317041,,,,,,,,,,,,,,,379,59503
59660,3800000,380,0.00892037432640791,0.9986790227125381,0.0001058232809542699,-4.0,6.340646982192993,1577.1261242084436,,,,,,,,,,,,,,,380,59660
59817,3810000,381,0.007796239107847214,0.9986912512960459,0.00010512014437484243,-4.0,6.237433195114136,1603.2235836743123,,,,,,,,,,,,,,,381,59817
59974,3820000,382,0.007795119658112526,0.9986783559567586,0.00010441811177560285,-4.0,6.203362464904785,1612.0289692202418,,,,,,,,,,,,,,,382,59974
60131,3830000,383,0.008034221827983856,0.9986727289858446,0.00010371720023527645,-4.0,5.931804895401001,1685.827530799794,-25.373220319041287,-4.0,0.9328455204405509,9.774786949157715,271.16796875,-30.202473392218998,-3.9997451305389404,0.7844625690043905,9.783723831176758,876.1060180664062,0.9999971102243194,0.9971220422768965,4.829253073177711,0.0028750679474228713,383,60131
60288,3840000,384,0.008504914119839668,0.9986785955906543,0.00010301742680531562,-4.0,6.3240625858306885,1581.2620233084654,,,,,,,,,,,,,,,384,60288
60445,3850000,385,0.007548293564468622,0.9986789001183062,0.0001023188085094856,-4.0,6.3702757358551025,1569.7907617585518,,,,,,,,,,,,,,,385,60445
60602,3860000,386,0.006421298254281282,0.9986696524366108,0.00010162136234344981,-4.0,6.202753067016602,1612.187345192801,,,,,,,,,,,,,,,386,60602
60759,3870000,387,0.007090874016284943,0.9986784874519428,0.00010092510527435682,-4.0,6.231470108032227,1604.7577580626155,,,,,,,,,,,,,,,387,60759
60916,3880000,388,0.0074308570474386215,0.9986775796207937,0.00010023005424042723,-4.0,6.281564712524414,1591.9600382467816,,,,,,,,,,,,,,,388,60916
61073,3890000,389,0.006914506200700998,0.9986745994834668,9.953622615054201e-05,-4.0,6.18213677406311,1617.563694474469,,,,,,,,,,,,,,,389,61073
61230,3900000,390,0.009186686016619205,0.998683534395009,9.884363788383088e-05,-4.0,6.341484069824219,1576.917940641802,,,,,,,,,,,,,,,390,61230
61387,3910000,391,0.0077272988855838776,0.9986769189223185,9.81523062892614e-05,-4.0,6.329285144805908,1579.957257606958,,,,,,,,,,,,,,,391,61387
61544,3920000,392,0.006963359657675028,0.9986802924166368,9.746224818522966e-05,-4.0,6.203723430633545,1611.9351727739363,,,,,,,,,,,,,,,392,61544
61701,3930000,393,0.007013661786913872,0.9986927980248621,9.677348035915082e-05,-4.0,6.304614067077637,1586.1399117543885,,,,,,,,,,,,,,,393,61701
61858,3940000,394,0.006469531450420618,0.9986841987090328,9.60860195670506e-05,-4.0,6.189795970916748,1615.5621359711695,,,,,,,,,,,,,,,394,61858
62015,3950000,395,0.006233069114387035,0.9986646583549986,9.539988253315819e-05,-4.0,6.293294191360474,1588.9929337370158,,,,,,,,,,,,,,,395,62015
62172,3960000,396,0.007445758208632469,0.9986776033072335,9.47150859494987e-05,-4.0,6.2501678466796875,1599.957032403915,,,,,,,,,,,,,,,396,62172
62329,3970000,397,0.007283611223101616,0.9986900243356491,9.403164647548716e-05,-4.0,6.125622272491455,1632.4872078559836,,,,,,,,,,,,,,,397,62329
62486,3980000,398,0.00670242914929986,0.9986723740963313,9.334958073752398e-05,-4.0,6.23690938949585,1603.358230094206,,,,,,,,,,,,,,,398,62486
62643,3990000,399,0.006843640469014645,0.9986713857910519,9.266890532858955e-05,-4.0,6.236722707748413,1603.4062228830771,,,,,,,,,,,,,,,399,62643
62800,4000000,400,0.0065215942449867725,0.9986849739683412,9.198963680784123e-05,-4.0,6.198410987854004,1613.3167064261047,,,,,,,,,,,,,,,400,62800
62957,4010000,401,0.005996691063046455,0.998696034583619,9.131179170021021e-05,-4.0,6.241918325424194,1602.071587394635,,,,,,,,,,,,,,,401,62957
63114,4020000,402,0.006004417315125465,0.9986702349440307,9.063538649599945e-05,-4.0,6.535257577896118,1530.1615706506368,,,,,,,,,,,,,,,402,63114
63271,4030000,403,0.005729462951421738,0.9986751221000235,8.99604376504825e-05,-4.0,6.191669464111328,1615.0732945230418,,,,,,,,,,,,,,,403,63271
63428,4040000,404,0.006347073242068291,0.9986768843273182,8.928696158350377e-05,-4.0,6.302034139633179,1586.7892458897513,,,,,,,,,,,,,,,404,63428
63585,4050000,405,0.00609998544678092,0.9986764742832654,8.861497467907787e-05,-4.0,6.187466382980347,1616.1703969021407,,,,,,,,,,,,,,,405,63585
63742,4060000,406,0.005850749555975199,0.9986741263382315,8.794449328499232e-05,-4.0,6.204681634902954,1611.686237654385,,,,,,,,,,,,,,,406,63742
63899,4070000,407,0.005360267125070095,0.9986833416001135,8.727553371240917e-05,-4.0,6.255038499832153,1598.7111830356182,,,,,,,,,,,,,,,407,63899
64056,4080000,408,0.004507292993366718,0.9986691208330879,8.66081122354681e-05,-4.0,6.20550012588501,1611.4736600015506,,,,,,,,,,,,,,,408,64056
64213,4090000,409,0.005081965588033199,0.9986814591232064,8.594224509089091e-05,-4.0,6.147170543670654,1626.7646926269772,,,,,,,,,,,,,,,409,64213
64370,4100000,410,0.00515693798661232,0.998681585357827,8.527794847758617e-05,-4.0,5.986530303955078,1670.4166674631833,,,,,,,,,,,,,,,410,64370
64527,4110000,411,0.00568345794454217,0.9986744325527933,8.461523855625539e-05,-4.0,6.161513566970825,1622.977843237353,,,,,,,,,,,,,,,411,64527
64684,4120000,412,0.004841525107622147,0.9986791453119604,8.395413144899983e-05,-4.0,6.118681907653809,1634.3389231414503,,,,,,,,,,,,,,,412,64684
64841,4130000,413,0.005263746250420809,0.9986814849069757,8.329464323892793e-05,-4.0,6.18635892868042,1616.4597164964446,,,,,,,,,,,,,,,413,64841
64998,4140000,414,0.004714466165751219,0.9986857917159054,8.263678996976469e-05,-4.0,6.275539398193359,1593.4885219394625,,,,,,,,,,,,,,,414,64998
65155,4150000,415,0.005094395950436592,0.9986752009013323,8.198058764546095e-05,-4.0,6.12280011177063,1633.2396644430282,-24.25654151674671,-4.0,0.9674336652175588,9.591538429260254,122.8469009399414,-29.50443648369795,-4.0,0.8041885263178848,9.678621292114258,790.7583618164062,0.9999981297631052,0.9970856923144311,5.24789496695124,0.002912437448674088,415,65155
65312,4160000,416,0.004996892064809799,0.9986802184484176,8.132605222980396e-05,-4.0,4.636039972305298,2157.0133259717004,,,,,,,,,,,,,,,416,65312
65469,4170000,417,0.00473973760381341,0.9986683150381146,8.067319964602929e-05,-4.0,5.081000804901123,1968.1162007205392,,,,,,,,,,,,,,,417,65469
65626,4180000,418,0.004441902972757816,0.9986735492897262,8.002204577643328e-05,-4.0,5.027775049209595,1988.9513556442978,,,,,,,,,,,,,,,418,65626
65783,4190000,419,0.004662317223846912,0.9986720852662103,7.937260646198703e-05,-4.0,6.197438955307007,1613.569745844253,,,,,,,,,,,,,,,419,65783
65940,4200000,420,0.0044234879314899445,0.9986759258721878,7.872489750195031e-05,-4.0,6.264648199081421,1596.2588292613607,,,,,,,,,,,,,,,420,65940
66097,4210000,421,0.004288353957235813,0.9986832474319822,7.807893465348789e-05,-4.0,6.180196762084961,1618.0714603375159,,,,,,,,,,,,,,,421,66097
66254,4220000,422,0.003948391880840063,0.9986818248753074,7.743473363128601e-05,-4.0,6.410881757736206,1559.8478302821131,,,,,,,,,,,,,,,422,66254
66411,4230000,423,0.004520785994827747,0.9986931767024005,7.679231010716971e-05,-4.0,6.161616802215576,1622.9506509402254,,,,,,,,,,,,,,,423,66411
66568,4240000,424,0.0042339349165558815,0.9986853107193093,7.61516797097221e-05,-4.0,6.051132917404175,1652.5831008005384,,,,,,,,,,,,,,,424,66568
66725,4250000,425,0.004413928370922804,0.9986915690475885,7.551285802390397e-05,-4.0,6.178419589996338,1618.5368854182866,,,,,,,,,,,,,,,425,66725
66882,4260000,426,0.004061851650476456,0.9986847436943856,7.487586059067425e-05,-4.0,6.239714622497559,1602.6373969002639,,,,,,,,,,,,,,,426,66882
67039,4270000,427,0.0035871814470738173,0.9986748247530466,7.424070290661283e-05,-4.0,6.233306884765625,1604.2848819845976,,,,,,,,,,,,,,,427,67039
67196,4280000,428,0.0035381237976253033,0.9986810300293064,7.360740042354275e-05,-4.0,6.291710376739502,1589.3929315262303,,,,,,,,,,,,,,,428,67196
67353,4290000,429,0.004082874394953251,0.9986760232050363,7.297596854815467e-05,-4.0,6.271301031112671,1594.5654578513788,,,,,,,,,,,,,,,429,67353
67510,4300000,430,0.00371709861792624,0.9986843137644457,7.234642264163161e-05,-4.0,6.270211696624756,1594.8424844065444,,,,,,,,,,,,,,,430,67510
67667,4310000,431,0.00441034184768796,0.9986789222602038,7.171877801927613e-05,-4.0,6.300968647003174,1587.0575716570397,,,,,,,,,,,,,,,431,67667
67824,4320000,432,0.003553960472345352,0.9986781604242493,7.109304995013695e-05,-4.0,6.248739004135132,1600.3228800854786,,,,,,,,,,,,,,,432,67824
67981,4330000,433,0.0036334232427179813,0.9986789830178794,7.046925365663765e-05,-4.0,6.177832126617432,1618.6907955809625,,,,,,,,,,,,,,,433,67981
68138,4340000,434,0.003412471152842045,0.9986708477794958,6.984740431420672e-05,-4.0,6.285085916519165,1591.0681465335076,,,,,,,,,,,,,,,434,68138
68295,4350000,435,0.0033723055385053158,0.9986857946763397,6.922751705090801e-05,-4.0,6.2312397956848145,1604.8170713836248,,,,,,,,,,,,,,,435,68295
68452,4360000,436,0.0034196965862065554,0.9986844408692152,6.860960694707283e-05,-4.0,6.199408292770386,1613.0571705789698,,,,,,,,,,,,,,,436,68452
68609,4370000,437,0.003351353108882904,0.9986914354487719,6.7993689034933e-05,-4.0,6.138461589813232,1629.0726680761486,,,,,,,,,,,,,,,437,68609
68766,4380000,438,0.0032533088233321905,0.9986819789402341,6.737977829825526e-05,-4.0,6.358700513839722,1572.648370250334,,,,,,,,,,,,,,,438,68766
68923,4390000,439,0.0033171374816447496,0.9986797506857225,6.676788967197698e-05,-4.0,6.202908754348755,1612.1468807660872,,,,,,,,,,,,,,,439,68923
69080,4400000,440,0.003383273957297206,0.9986713491009466,6.615803804184216e-05,-4.0,6.205960512161255,1611.3541135822427,,,,,,,,,,,,,,,440,69080
69237,4410000,441,0.0035178654361516237,0.9986864567302749,6.555023824403996e-05,-4.0,6.221431255340576,1607.3471825981908,,,,,,,,,,,,,,,441,69237
69394,4420000,442,0.0030731752049177885,0.998689823505872,6.494450506484331e-05,-4.0,6.161500453948975,1622.9812972895081,,,,,,,,,,,,,,,442,69394
69551,4430000,443,0.003369031473994255,0.9986750332818064,6.434085324024954e-05,-4.0,6.158745288848877,1623.7073512532106,,,,,,,,,,,,,,,443,69551
69708,4440000,444,0.0031456626020371914,0.9986768463933484,6.373929745562148e-05,-4.0,6.333046197891235,1579.0189566799274,,,,,,,,,,,,,,,444,69708
69865,4450000,445,0.00306923920288682,0.9986838834311303,6.31398523453309e-05,-4.0,6.312888860702515,1584.0608350084551,,,,,,,,,,,,,,,445,69865
70022,4460000,446,0.0026920223608613014,0.998672924723749,6.254253249240181e-05,-4.0,6.2205517292022705,1607.5744460182168,-25.056066940394818,-4.0,0.9238371019139322,9.712753295898438,311.0032653808594,-28.887389467817542,-4.0,0.8427540673399927,9.666322708129883,631.0842895507812,0.9999990405260633,0.9971053546410985,3.8313225274227243,0.0028936858849647473,446,70022
70179,4470000,447,0.002823442919179797,0.9986942322831305,6.194735242815596e-05,-4.0,4.577540874481201,2184.5790729576734,,,,,,,,,,,,,,,447,70179
70336,4480000,448,0.0027565958444029093,0.998690735931348,6.135432663185967e-05,-4.0,4.50629997253418,2219.115474102884,,,,,,,,,,,,,,,448,70336
70493,4490000,449,0.002668968169018626,0.9986744713205785,6.076346953037036e-05,-4.0,5.899169445037842,1695.1538844865054,,,,,,,,,,,,,,,449,70493
70650,4500000,450,0.0029437190387398005,0.9986823928997716,6.017479549778677e-05,-4.0,6.06947660446167,1647.5885239674544,,,,,,,,,,,,,,,450,70650
70807,4510000,451,0.0028516564052551985,0.9986857537819357,5.958831885509955e-05,-4.0,6.419488191604614,1557.7565845635431,,,,,,,,,,,,,,,451,70807
70964,4520000,452,0.002745100762695074,0.9986828882781089,5.9004053869841686e-05,-4.0,6.450687408447266,1550.2223820216213,,,,,,,,,,,,,,,452,70964
71121,4530000,453,0.002558560576289892,0.9986800765930112,5.842201475574215e-05,-4.0,6.224116802215576,1606.653653485477,,,,,,,,,,,,,,,453,71121
71278,4540000,454,0.002290921751409769,0.9986827530502194,5.784221567238001e-05,-4.0,6.310161590576172,1584.745470691966,,,,,,,,,,,,,,,454,71278
71435,4550000,455,0.002155846217647195,0.9986685284407465,5.7264670724839824e-05,-4.0,6.21469259262085,1609.0900476515471,,,,,,,,,,,,,,,455,71435
71592,4560000,456,0.002243496011942625,0.9986875998471704,5.668939396336865e-05,-4.0,6.197264671325684,1613.615123825405,,,,,,,,,,,,,,,456,71592
71749,4570000,457,0.0026128501631319523,0.9986678789337136,5.6116399383034066e-05,-4.0,6.321674823760986,1581.859282355597,,,,,,,,,,,,,,,457,71749
71906,4580000,458,0.0025291244965046644,0.9986714724144323,5.5545700923383656e-05,-4.0,6.301626443862915,1586.8919062536452,,,,,,,,,,,,,,,458,71906
72063,4590000,459,0.0021877079270780087,0.9986796900845032,5.4977312468106354e-05,-4.0,6.406141757965088,1561.0019849414793,,,,,,,,,,,,,,,459,72063
72220,4600000,460,0.0022797270212322474,0.9986881104989013,5.441124784469424e-05,-4.0,6.299117803573608,1587.5238901432851,,,,,,,,,,,,,,,460,72220
72377,4610000,461,0.0021777551155537367,0.9986767424070306,5.3847520824106134e-05,-4.0,6.275414228439331,1593.52030574832,,,,,,,,,,,,,,,461,72377
72534,4620000,462,0.002010779222473502,0.9986851297691168,5.3286145120432955e-05,-4.0,6.2584614753723145,1597.8367909351239,,,,,,,,,,,,,,,462,72534
72691,4630000,463,0.002012750133872032,0.9986764638956078,5.272713439056391e-05,-4.0,6.13006329536438,1631.3045262619244,,,,,,,,,,,,,,,463,72691
72848,4640000,464,0.0021620315965265036,0.9986910687538552,5.2170502233853894e-05,-4.0,6.139038562774658,1628.9195608962432,,,,,,,,,,,,,,,464,72848
73005,4650000,465,0.0019542796071618795,0.9986908972889161,5.161626219179327e-05,-4.0,6.235272169113159,1603.7792302853552,,,,,,,,,,,,,,,465,73005
73162,4660000,466,0.001796914148144424,0.9986787724203376,5.106442774767809e-05,-4.0,6.404860019683838,1561.3143720967112,,,,,,,,,,,,,,,466,73162
73319,4670000,467,0.001871926011517644,0.9986841245724932,5.051501232628195e-05,-4.0,6.218666076660156,1608.0619021387743,,,,,,,,,,,,,,,467,73319
73476,4680000,468,0.0017664835322648287,0.9986722694967939,4.996802929352977e-05,-4.0,6.182244539260864,1617.5354980693758,,,,,,,,,,,,,,,468,73476
73633,4690000,469,0.001698204898275435,0.9986753945964074,4.942349195617244e-05,-4.0,6.136127233505249,1629.6924133835996,,,,,,,,,,,,,,,469,73633
73790,4700000,470,0.0018708494026213884,0.9986726936645461,4.888141356146287e-05,-4.0,6.146332025527954,1626.986625269569,,,,,,,,,,,,,,,470,73790
73947,4710000,471,0.0018681559013202786,0.9986905584335742,4.834180729683421e-05,-4.0,6.169723033905029,1620.8183001159223,,,,,,,,,,,,,,,471,73947
74104,4720000,472,0.0018554675625637174,0.9986771174786601,4.7804686289578706e-05,-4.0,6.381892919540405,1566.9332165354092,,,,,,,,,,,,,,,472,74104
74261,4730000,473,0.002113519934937358,0.9986780195817304,4.727006360652835e-05,-4.0,6.551665544509888,1526.3294397528762,,,,,,,,,,,,,,,473,74261
74418,4740000,474,0.0017407698323950171,0.9986736970281845,4.673795225373706e-05,-4.0,6.31866192817688,1582.613552310322,,,,,,,,,,,,,,,474,74418
74575,4750000,475,0.0019321402069181204,0.9986801562848602,4.620836517616442e-05,-4.0,6.381534814834595,1567.0211461910192,,,,,,,,,,,,,,,475,74575
74732,4760000,476,0.0018228698754683137,0.998673666378329,4.568131525736031e-05,-4.0,6.289763927459717,1589.8847898475512,,,,,,,,,,,,,,,476,74732
74889,4770000,477,0.0018110901582986116,0.9986748789076747,4.515681531915199e-05,-4.0,6.4109108448028564,1559.8407530665813,,,,,,,,,,,,,,,477,74889
75046,4780000,478,0.0015304147964343429,0.9987029787657224,4.4634878121332084e-05,-4.0,5.915325164794922,1690.5241421917149,-24.10581129834457,-4.0,0.9726453155686,9.649541854858398,107.54328155517578,-29.63443915876609,-3.9999947547912598,0.8117762899678201,9.720800399780273,754.4170532226562,0.9999994625951615,0.9971046394086442,5.528627860421519,0.002894823186517237,478,75046
75203,4790000,479,0.0013947089901193976,0.9986802611253848,4.4115516361347676e-05,-4.0,6.279302358627319,1592.5336014853153,,,,,,,,,,,,,,,479,75203
75360,4800000,480,0.001294845249503851,0.9986840418345668,4.3598742673992154e-05,-4.0,6.409273147583008,1560.2393235137881,,,,,,,,,,,,,,,480,75360
75517,4810000,481,0.0013747644843533635,0.9986704183500675,4.308456963109735e-05,-4.0,6.394761323928833,1563.7800214029207,,,,,,,,,,,,,,,481,75517
75674,4820000,482,0.0012321159010753036,0.9986776782408843,4.2573009741227716e-05,-4.0,6.324735879898071,1581.0936914825222,,,,,,,,,,,,,,,482,75674
75831,4830000,483,0.0012886327458545566,0.9986854627243522,4.206407544937627e-05,-4.0,6.547631740570068,1527.269766568966,,,,,,,,,,,,,,,483,75831
75988,4840000,484,0.001285041798837483,0.9986838523467564,4.155777913666151e-05,-4.0,6.187767028808594,1616.0918718243051,,,,,,,,,,,,,,,484,75988
76145,4850000,485,0.0013104240642860532,0.998675175335193,4.105413312002664e-05,-4.0,6.329771041870117,1579.835974137466,,,,,,,,,,,,,,,485,76145
76302,4860000,486,0.0013191871112212539,0.9986822407627419,4.0553149651939545e-05,-4.0,6.539077997207642,1529.267582413035,,,,,,,,,,,,,,,486,76302
76459,4870000,487,0.0012901864247396588,0.9986933627563297,4.0054840920094815e-05,-4.0,6.374184846878052,1568.8280525623288,,,,,,,,,,,,,,,487,76459
76616,4880000,488,0.001158291706815362,0.9986786845527221,3.95592190471173e-05,-4.0,6.429910659790039,1555.2315621639661,,,,,,,,,,,,,,,488,76616
76773,4890000,489,0.0011185337789356709,0.9986993232452768,3.9066296090267364e-05,-4.0,6.277068376541138,1593.1003774584203,,,,,,,,,,,,,,,489,76773
76930,4900000,490,0.0010537577327340841,0.9986843915469351,3.8576084041147113e-05,-4.0,6.307994842529297,1585.2898186565942,,,,,,,,,,,,,,,490,76930
77087,4910000,491,0.0011137425899505615,0.998663845940665,3.8088594825409155e-05,-4.0,6.426342487335205,1556.0950913692548,,,,,,,,,,,,,,,491,77087
77244,4920000,492,0.0010948312701657414,0.9986777298662598,3.760384030246623e-05,-4.0,6.228238344192505,1605.5904490752926,,,,,,,,,,,,,,,492,77244
77401,4930000,493,0.0010611433535814285,0.9986793936592093,3.712183226520257e-05,-4.0,6.418113946914673,1558.0901309499527,,,,,,,,,,,,,,,493,77401
77558,4940000,494,0.0010304893366992474,0.9986787654116904,3.664258243968737e-05,-4.0,6.2984442710876465,1587.69365411455,,,,,,,,,,,,,,,494,77558
77715,4950000,495,0.0009767761221155524,0.9986852703728731,3.616610248488927e-05,-4.0,6.297930002212524,1587.8233001139902,,,,,,,,,,,,,,,495,77715
77872,4960000,496,0.001289608422666788,0.998672136481537,3.569240399239268e-05,-4.0,6.170201778411865,1620.6925412046862,,,,,,,,,,,,,,,496,77872
78029,4970000,497,0.0010567238787189126,0.9986847963081792,3.5221498486115965e-05,-4.0,6.44542670249939,1551.4876611849807,,,,,,,,,,,,,,,497,78029
78186,4980000,498,0.0009792003547772765,0.9986779721777079,3.4753397422031046e-05,-4.0,6.397073030471802,1563.2149191303624,,,,,,,,,,,,,,,498,78186
78343,4990000,499,0.000963006226811558,0.9986771165236095,3.428811218788458e-05,-4.0,6.355316400527954,1573.485782575557,,,,,,,,,,,,,,,499,78343
78500,5000000,500,0.0008662635227665305,0.9986847446620417,3.3825654102920986e-05,-4.0,6.399491310119629,1562.624201737226,,,,,,,,,,,,,,,500,78500
78657,5010000,501,0.0008278483292087913,0.9986911995568503,3.336603441760728e-05,-4.0,6.380671977996826,1567.233049196715,,,,,,,,,,,,,,,501,78657
78814,5020000,502,0.0008543344447389245,0.9986802407749483,3.290926431335898e-05,-4.0,6.263595342636108,1596.527146626203,,,,,,,,,,,,,,,502,78814
78971,5030000,503,0.000763897318392992,0.998679634326013,3.245535490226848e-05,-4.0,6.1636786460876465,1622.4077493636746,,,,,,,,,,,,,,,503,78971
79128,5040000,504,0.0007557326462119818,0.9986878219394274,3.2004317226834415e-05,-4.0,6.361577272415161,1571.9372054728683,,,,,,,,,,,,,,,504,79128
79285,5050000,505,0.0007491347496397793,0.998682673598616,3.155616225969327e-05,-4.0,6.276239633560181,1593.3107376155945,,,,,,,,,,,,,,,505,79285
79442,5060000,506,0.0007104712422005832,0.9986765046780455,3.111090090335206e-05,-4.0,6.212810039520264,1609.5776204952458,,,,,,,,,,,,,,,506,79442
79599,5070000,507,0.000741547264624387,0.9986797288508054,3.066854398992389e-05,-4.0,6.40840744972229,1560.450092859397,,,,,,,,,,,,,,,507,79599
79756,5080000,508,0.0006798302638344467,0.9986842199830059,3.02291022808637e-05,-4.0,6.25456976890564,1598.8309938941968,,,,,,,,,,,,,,,508,79756
79913,5090000,509,0.0006734863854944706,0.9986966420172648,2.9792586466706638e-05,-4.0,6.308390140533447,1585.1904808085292,,,,,,,,,,,,,,,509,79913
80070,5100000,510,0.0007228682516142726,0.9986707488197988,2.9359007166807845e-05,-4.0,6.2113025188446045,1609.9682747154538,-24.478781338392565,-4.0,0.9583014753778845,9.746683120727539,158.9658966064453,-29.7954966936476,-3.999998092651367,0.8036477936059236,9.767271995544434,795.55908203125,0.9999997427508432,0.9970924206776545,5.316715355255035,0.0029073220731887783,510,80070
80227,5110000,511,0.0006764079444110394,0.9986798031660461,2.8928374929084478e-05,-4.0,4.773948431015015,2094.702141110864,,,,,,,,,,,,,,,511,80227
80384,5120000,512,0.000693068781401962,0.9986747982325982,2.8500700229758947e-05,-4.0,5.530778884887695,1808.0636033604612,,,,,,,,,,,,,,,512,80384
80541,5130000,513,0.0006239767535589635,0.9986814182358468,2.8075993473103992e-05,-4.0,6.22640585899353,1606.0629882576357,,,,,,,,,,,,,,,513,80541
80698,5140000,514,0.0005913528730161488,0.9986825648859843,2.7654264991189524e-05,-4.0,6.274247884750366,1593.8165312698466,,,,,,,,,,,,,,,514,80698
80855,5150000,515,0.0005614209221675992,0.9986770288732532,2.7235525043631564e-05,-4.0,6.159168004989624,1623.595912938057,,,,,,,,,,,,,,,515,80855
81012,5160000,516,0.0006172945722937584,0.9986783374022324,2.6819783817342285e-05,-4.0,6.525261163711548,1532.5057111295805,,,,,,,,,,,,,,,516,81012
81169,5170000,517,0.0005656364955939353,0.9986861271718458,2.640705142628243e-05,-4.0,6.491956472396851,1540.3676907753463,,,,,,,,,,,,,,,517,81169
81326,5180000,518,0.0005714792641811073,0.9986862578565717,2.5997337911215114e-05,-4.0,6.340811252593994,1577.085265849705,,,,,,,,,,,,,,,518,81326
81483,5190000,519,0.0004989652661606669,0.9986818139055732,2.5590653239461686e-05,-4.0,6.314462423324585,1583.6660874030458,,,,,,,,,,,,,,,519,81483
81640,5200000,520,0.0005220738821662962,0.9986738674772702,2.518700730465919e-05,-4.0,6.281925439834595,1591.868623048048,,,,,,,,,,,,,,,520,81640
81797,5210000,521,0.0005377244669944048,0.998690341317516,2.478640992651973e-05,-4.0,6.252482891082764,1599.3646322906236,,,,,,,,,,,,,,,521,81797
81954,5220000,522,0.0005438696243800223,0.9986800450474249,2.4388870850591415e-05,-4.0,6.377540826797485,1568.0025062295917,,,,,,,,,,,,,,,522,81954
82111,5230000,523,0.0004888004041276872,0.9986836059941394,2.3994399748021473e-05,-4.0,6.200352668762207,1612.811485769297,,,,,,,,,,,,,,,523,82111
82268,5240000,524,0.00044954221812076867,0.998675089742496,2.3603006215320848e-05,-4.0,6.358831882476807,1572.6158805294494,,,,,,,,,,,,,,,524,82268
82425,5250000,525,0.00045624186168424785,0.9986818186426387,2.321469977413077e-05,-4.0,6.364483833312988,1571.2193261703312,,,,,,,,,,,,,,,525,82425
82582,5260000,526,0.00042236800072714686,0.9986827425698743,2.2829489870991222e-05,-4.0,6.2092108726501465,1610.5106115895064,,,,,,,,,,,,,,,526,82582
82739,5270000,527,0.0003827043401543051,0.9986724012248087,2.2447385877110993e-05,-4.0,6.3223652839660645,1581.6865288313315,,,,,,,,,,,,,,,527,82739
82896,5280000,528,0.00037727196468040347,0.9986763636026958,2.2068397088139655e-05,-4.0,6.232355356216431,1604.5298171301404,,,,,,,,,,,,,,,528,82896
83053,5290000,529,0.00038557429797947407,0.998689788292091,2.1692532723941635e-05,-4.0,6.173292636871338,1619.8810891083986,,,,,,,,,,,,,,,529,83053
83210,5300000,530,0.0003620465868152678,0.9986789410164176,2.1319801928371764e-05,-4.0,6.2693259716033936,1595.0678023912799,,,,,,,,,,,,,,,530,83210
83367,5310000,531,0.0003820595156867057,0.9986732114339247,2.0950213769052865e-05,-4.0,6.06739068031311,1648.1549527455097,,,,,,,,,,,,,,,531,83367
83524,5320000,532,0.0003719673550222069,0.9986815756627293,2.0583777237155074e-05,-4.0,6.170480251312256,1620.6193995796896,,,,,,,,,,,,,,,532,83524
83681,5330000,533,0.00034989541745744646,0.9986849674846752,2.0220501247177296e-05,-4.0,6.175750494003296,1619.2364004520716,,,,,,,,,,,,,,,533,83681
83838,5340000,534,0.0003220423823222518,0.9986908752523114,1.986039463673015e-05,-4.0,6.198161840438843,1613.3815568926768,,,,,,,,,,,,,,,534,83838
83995,5350000,535,0.000314040546072647,0.9986954669224893,1.950346616632112e-05,-4.0,6.3755998611450195,1568.4798635095115,,,,,,,,,,,,,,,535,83995
84152,5360000,536,0.0002814732724800706,0.9986812271849567,1.9149724519141357e-05,-4.0,6.272747755050659,1594.1976930202957,,,,,,,,,,,,,,,536,84152
84309,5370000,537,0.00028666702564805746,0.9986822140420888,1.8799178300854364e-05,-4.0,6.1856348514556885,1616.6489358237275,,,,,,,,,,,,,,,537,84309
84466,5380000,538,0.0002872142940759659,0.9986698007371253,1.8451836039386843e-05,-4.0,6.210832357406616,1610.0901496841532,,,,,,,,,,,,,,,538,84466
84623,5390000,539,0.0002963941660709679,0.9986772082151347,1.8107706184721032e-05,-4.0,5.963524580001831,1676.8606997167653,,,,,,,,,,,,,,,539,84623
84780,5400000,540,0.000260373781202361,0.9986835599033115,1.7766797108689214e-05,-4.0,6.240362882614136,1602.470912045891,,,,,,,,,,,,,,,540,84780
84937,5410000,541,0.0002419437951175496,0.9986869271964748,1.742911710477022e-05,-4.0,6.223275423049927,1606.8708710788767,,,,,,,,,,,,,,,541,84937
85094,5420000,542,0.00026612146757543087,0.998673771515453,1.7094674387887215e-05,-4.0,5.779845952987671,1730.1499177207104,-23.86850918470025,-4.0,0.980425737483357,9.63703727722168,71.92992401123047,-29.63514662996232,-3.999988079071045,0.8094080807140562,9.730688095092773,767.5153198242188,0.9999999049591615,0.9971008213586174,5.76663744526207,0.002899083600544028,542,85094
85251,5430000,543,0.00024688965640962124,0.9986907251870295,1.6763477094208353e-05,-4.0,5.896452903747559,1695.934854943789,,,,,,,,,,,,,,,543,85251
85408,5440000,544,0.00024164558271877468,0.99867854218494,1.6435533280948532e-05,-4.0,6.13425087928772,1630.1909062384407,,,,,,,,,,,,,,,544,85408
85565,5450000,545,0.00024649882107041776,0.9986769025300031,1.6110850926173504e-05,-4.0,6.230336904525757,1605.049639087083,,,,,,,,,,,,,,,545,85565
85722,5460000,546,0.0002364282845519483,0.9986867218531941,1.5789437928605777e-05,-4.0,6.142425775527954,1628.0213006140036,,,,,,,,,,,,,,,546,85722
85879,5470000,547,0.0002179362199967727,0.9986863742837575,1.547130210743252e-05,-4.0,6.332551717758179,1579.1422550813616,,,,,,,,,,,,,,,547,85879
86036,5480000,548,0.00021279029897414148,0.9986801355317899,1.5156451202115176e-05,-4.0,6.225916147232056,1606.1893163218786,,,,,,,,,,,,,,,548,86036
86193,5490000,549,0.00019377375429030508,0.9986807257474614,1.4844892872201371e-05,-4.0,6.269676446914673,1594.9786379998973,,,,,,,,,,,,,,,549,86193
86350,5500000,550,0.0001887128601083532,0.9986754811359985,1.4536634697138296e-05,-4.0,6.13742733001709,1629.347194237517,,,,,,,,,,,,,,,550,86350
86507,5510000,551,0.00019059819169342518,0.9986804819111208,1.4231684176088583e-05,-4.0,6.340691089630127,1577.1151533236628,,,,,,,,,,,,,,,551,86507
86664,5520000,552,0.0001721947774058208,0.9986802283118354,1.393004872774785e-05,-4.0,6.232682704925537,1604.4455451096915,,,,,,,,,,,,,,,552,86664
86821,5530000,553,0.00017580845451448113,0.9986826296714817,1.3631735690164024e-05,-4.0,6.232462644577026,1604.5021960462407,,,,,,,,,,,,,,,553,86821
86978,5540000,554,0.00018169185204897076,0.9986912348132675,1.333675232055907e-05,-4.0,6.3026697635650635,1586.6292182732998,,,,,,,,,,,,,,,554,86978
87135,5550000,555,0.00017867499263957143,0.9986844489382057,1.3045105795152284e-05,-4.0,6.360267162322998,1572.2609986005118,,,,,,,,,,,,,,,555,87135
87292,5560000,556,0.00016472864081151783,0.998682114207423,1.2756803208985774e-05,-4.0,6.236397743225098,1603.4897727399582,,,,,,,,,,,,,,,556,87292
87449,5570000,557,0.0001620538387214765,0.9986779966538439,1.2471851575751812e-05,-4.0,6.194727182388306,1614.276094099856,,,,,,,,,,,,,,,557,87449
87606,5580000,558,0.00015724901459179819,0.9986786397335647,1.2190257827622257e-05,-4.0,6.31843113899231,1582.6713593961622,,,,,,,,,,,,,,,558,87606
87763,5590000,559,0.0001685156166786328,0.9986905883649174,1.1912028815079844e-05,-4.0,6.447078227996826,1551.09022201319,,,,,,,,,,,,,,,559,87763
87920,5600000,560,0.0001538699580123648,0.9986836517668644,1.163717130675166e-05,-4.0,6.405250072479248,1561.2192946167595,,,,,,,,,,,,,,,560,87920
88077,5610000,561,0.0001524269173387438,0.9986819476942135,1.1365691989244274e-05,-4.0,6.304311037063599,1586.2161529164919,,,,,,,,,,,,,,,561,88077
88234,5620000,562,0.00013668408792000264,0.9986781673372432,1.1097597466981294e-05,-4.0,6.200939416885376,1612.6588775838784,,,,,,,,,,,,,,,562,88234
88391,5630000,563,0.00013722223229706287,0.9986832190125552,1.083289426204257e-05,-4.0,6.37134051322937,1569.5284185857165,,,,,,,,,,,,,,,563,88391
88548,5640000,564,0.00013062357902526855,0.9986799398294774,1.0571588814005479e-05,-4.0,6.206641674041748,1611.1772718930022,,,,,,,,,,,,,,,564,88548
88705,5650000,565,0.00013239293184597045,0.998681862736981,1.0313687479788405e-05,-4.0,6.383504152297974,1566.5377136788009,,,,,,,,,,,,,,,565,88705
88862,5660000,566,0.00012873939704149961,0.9986818691109052,1.005919653349604e-05,-4.0,6.2719407081604,1594.402827658915,,,,,,,,,,,,,,,566,88862
89019,5670000,567,0.00013076994218863547,0.9986857064120223,9.808122166266652e-06,-4.0,6.2504847049713135,1599.8759251496951,,,,,,,,,,,,,,,567,89019
89176,5680000,568,0.00012644669914152473,0.9986798132585871,9.560470486121611e-06,-4.0,6.290599584579468,1589.6735860463307,,,,,,,,,,,,,,,568,89176
89333,5690000,569,0.0001197967940242961,0.9986726877518343,9.316247517816727e-06,-4.0,6.234912633895874,1603.8717119523642,,,,,,,,,,,,,,,569,89333
89490,5700000,570,0.00012320830137468874,0.9986708474999507,9.075459202695658e-06,-4.0,6.221903562545776,1607.2251682262277,,,,,,,,,,,,,,,570,89490
89647,5710000,571,0.00011375375470379367,0.9986702209860561,8.838111398545422e-06,-4.0,6.352407455444336,1574.2063257339532,,,,,,,,,,,,,,,571,89647
89804,5720000,572,0.00011523799184942618,0.9986775641449709,8.604209879453942e-06,-4.0,6.2492382526397705,1600.1950310945263,,,,,,,,,,,,,,,572,89804
89961,5730000,573,0.00011358917981851846,0.9986797669082346,8.3737603356694e-06,-4.0,6.3330113887786865,1579.0276356866757,,,,,,,,,,,,,,,573,89961
90118,5740000,574,0.00010959984501823783,0.9986803382864982,8.146768373461975e-06,-4.0,6.40221643447876,1561.95906563633,-23.30341265558979,-4.0,0.9984245973641066,9.6492919921875,4.157642364501953,-29.703427789495105,-3.9999938011169434,0.804843772838358,9.760529518127441,789.97509765625,0.9999999598725944,0.9971017614472657,6.400015133905317,0.0028981984253286797,574,90118
90275,5750000,575,0.00011086217273259535,0.9986806853413345,7.923239514987381e-06,-4.0,4.797325849533081,2084.4946358966404,,,,,,,,,,,,,,,575,90275
90432,5760000,576,0.00010210256732534617,0.9986759276999825,7.703179198152515e-06,-4.0,4.678394794464111,2137.4852784619375,,,,,,,,,,,,,,,576,90432
90589,5770000,577,0.00010014795407187194,0.9986784850524525,7.486592776483184e-06,-4.0,4.527119159698486,2208.910268813427,,,,,,,,,,,,,,,577,90589
90746,5780000,578,0.0001020720083033666,0.9986847148960527,7.273485518993955e-06,-4.0,5.649857044219971,1769.9562876958805,,,,,,,,,,,,,,,578,90746
90903,5790000,579,9.906804916681722e-05,0.9986792964346197,7.063862610059859e-06,-4.0,6.545495271682739,1527.7682719078894,,,,,,,,,,,,,,,579,90903
91060,5800000,580,9.826794121181592e-05,0.9986845534428314,6.8577291492903275e-06,-4.0,6.227801322937012,1605.7031175946427,,,,,,,,,,,,,,,580,91060
91217,5810000,581,9.525923087494448e-05,0.9986833483166103,6.655090151405028e-06,-4.0,6.169657230377197,1620.8355872289885,,,,,,,,,,,,,,,581,91217
91374,5820000,582,9.135474829236045e-05,0.9986724368249108,6.455950546112025e-06,-4.0,6.157638072967529,1623.9993129672096,,,,,,,,,,,,,,,582,91374
91531,5830000,583,8.899030217435211e-05,0.9986744194697873,6.2603151779877585e-06,-4.0,6.191776990890503,1615.0452470611021,,,,,,,,,,,,,,,583,91531
91688,5840000,584,9.03834225027822e-05,0.9986731297763622,6.068188806359149e-06,-4.0,6.318667650222778,1582.6121191304353,,,,,,,,,,,,,,,584,91688
91845,5850000,585,8.722589700482786e-05,0.9986773854912003,5.879576105187962e-06,-4.0,6.105222702026367,1637.9418881281642,,,,,,,,,,,,,,,585,91845
92002,5860000,586,8.637263817945495e-05,0.9986827560859157,5.694481662956961e-06,-4.0,6.161641836166382,1622.9440571024406,,,,,,,,,,,,,,,586,92002
92159,5870000,587,8.90702212927863e-05,0.998690300199921,5.5129099825582805e-06,-4.0,6.293320417404175,1588.9863119546567,,,,,,,,,,,,,,,587,92159
92316,5880000,588,8.831567538436502e-05,0.9986842965253385,5.334865481183991e-06,-4.0,6.458491563796997,1548.349161908779,,,,,,,,,,,,,,,588,92316
92473,5890000,589,8.281059126602486e-05,0.998682184160426,5.160352490218609e-06,-4.0,6.327682971954346,1580.3573036642567,,,,,,,,,,,,,,,589,92473
92630,5900000,590,8.116311801131815e-05,0.9986718613654375,4.989375255133624e-06,-4.0,6.291835069656372,1589.361432601276,,,,,,,,,,,,,,,590,92630
92787,5910000,591,7.769978401483968e-05,0.9986821437828468,4.8219379353843145e-06,-4.0,6.254594564437866,1598.824655535247,,,,,,,,,,,,,,,591,92787
92944,5920000,592,8.00433408585377e-05,0.9986756444874569,4.658044604308562e-06,-4.0,6.163370370864868,1622.48889783931,,,,,,,,,,,,,,,592,92944
93101,5930000,593,7.691808423260227e-05,0.9986878773583111,4.49769924902767e-06,-4.0,6.274268627166748,1593.8112621925895,,,,,,,,,,,,,,,593,93101
93258,5940000,594,7.583628030261025e-05,0.998677133575859,4.3409057703494525e-06,-4.0,6.17918062210083,1618.33754531036,,,,,,,,,,,,,,,594,93258
93415,5950000,595,7.424271461786702e-05,0.998680769280489,4.187667982673335e-06,-4.0,6.249588251113892,1600.1054146595427,,,,,,,,,,,,,,,595,93415
93572,5960000,596,7.256789831444621e-05,0.9986755626793702,4.037989613897471e-06,-4.0,6.335910797119141,1578.3050488253205,,,,,,,,,,,,,,,596,93572
93729,5970000,597,7.367570651695132e-05,0.9986798991894077,3.891874305328183e-06,-4.0,6.16019868850708,1623.3242636567447,,,,,,,,,,,,,,,597,93729
93886,5980000,598,7.039232878014445e-05,0.9986896502924787,3.7493256115912346e-06,-4.0,6.259087562561035,1597.6769617053085,,,,,,,,,,,,,,,598,93886
94043,5990000,599,6.953470438020304e-05,0.9986855138592262,3.6103470005455106e-06,-4.0,6.086699724197388,1642.9264549137313,,,,,,,,,,,,,,,599,94043
94200,6000000,600,7.048305997159332e-05,0.9986719981200732,3.474941853198501e-06,-4.0,6.179927587509155,1618.1419374900056,,,,,,,,,,,,,,,600,94200
94357,6010000,601,6.774409848731011e-05,0.9986867121095283,3.34311346362419e-06,-4.0,6.242844343185425,1601.8339478407495,,,,,,,,,,,,,,,601,94357
94514,6020000,602,6.802959251217544e-05,0.9986880461879633,3.2148650388827667e-06,-4.0,6.33331298828125,1578.952440610996,,,,,,,,,,,,,,,602,94514
94671,6030000,603,6.719607335980982e-05,0.9986715639027868,3.090199698942751e-06,-4.0,6.14247989654541,1628.0069562171618,,,,,,,,,,,,,,,603,94671
94828,6040000,604,6.699296500300989e-05,0.9986840513420653,2.9691204766049978e-06,-4.0,6.186726331710815,1616.3637219160298,,,,,,,,,,,,,,,604,94828
94985,6050000,605,6.530144310090691e-05,0.998679230832732,2.8516303174289524e-06,-4.0,6.310572624206543,1584.6422496813188,,,,,,,,,,,,,,,605,94985
95142,6060000,606,6.491041131084785e-05,0.9986733992904377,2.737732079660994e-06,-4.0,6.233671188354492,1604.191125557219,-23.27779132621095,-4.0,0.9999571747116496,9.621603012084961,0.11205010116100311,-29.700580504228963,-3.999976634979248,0.8069354995695177,9.749444961547852,778.284912109375,0.9999999779702936,0.9971019206568599,6.422789178018014,0.002898057313433733,606,95142
95299,6070000,607,6.454006506828591e-05,0.9986708588641623,2.627428534164927e-06,-4.0,5.412179946899414,1847.6843153984382,,,,,,,,,,,,,,,607,95299
95456,6080000,608,6.347762246150523e-05,0.9986741310111573,2.5207223643544855e-06,-4.0,4.881736516952515,2048.451399470987,,,,,,,,,,,,,,,608,95456
95613,6090000,609,6.217808549990878e-05,0.9986768671545752,2.417616166128133e-06,-4.0,4.938364744186401,2024.9618078073952,,,,,,,,,,,,,,,609,95613
95770,6100000,610,6.181780190672725e-05,0.9986891175685509,2.3181124478058687e-06,-4.0,6.272730112075806,1594.2021769354822,,,,,,,,,,,,,,,610,95770
95927,6110000,611,6.220674549695104e-05,0.99867851151803,2.2222136300682757e-06,-4.0,6.262522459030151,1596.8006606636034,,,,,,,,,,,,,,,611,95927
96084,6120000,612,6.094916534493677e-05,0.9986835398539237,2.1299220458975288e-06,-4.0,6.342593669891357,1576.6420679714283,,,,,,,,,,,,,,,612,96084
96241,6130000,613,5.9676207456504926e-05,0.9986932744208284,2.041239940520665e-06,-4.0,6.275491237640381,1593.5007509882294,,,,,,,,,,,,,,,613,96241
96398,6140000,614,6.037400089553557e-05,0.998672565082711,1.9561694713550854e-06,-4.0,6.211402893066406,1609.9422581592132,,,,,,,,,,,,,,,614,96398
96555,6150000,615,5.9749861975433305e-05,0.9986766688295812,1.874712707955862e-06,-4.0,6.28000807762146,1592.3546397391704,,,,,,,,,,,,,,,615,96555
96712,6160000,616,5.906554724788293e-05,0.998682555998379,1.7968716319655576e-06,-4.0,6.1830713748931885,1617.3191919804983,,,,,,,,,,,,,,,616,96712
96869,6170000,617,5.833491377416067e-05,0.9986818331852851,1.7226481370659668e-06,-4.0,6.265398025512695,1596.0677931840896,,,,,,,,,,,,,,,617,96869
97026,6180000,618,5.767831316916272e-05,0.9986766623800241,1.6520440289320196e-06,-4.0,6.216296911239624,1608.6747693661641,,,,,,,,,,,,,,,618,97026
97183,6190000,619,5.7524557632859796e-05,0.9986777413112948,1.5850610251878692e-06,-4.0,6.239207744598389,1602.767596359895,,,,,,,,,,,,,,,619,97183
97340,6200000,620,5.704126670025289e-05,0.9986737765012914,1.5217007553651289e-06,-4.0,6.267370223999023,1595.5655470468275,,,,,,,,,,,,,,,620,97340
97497,6210000,621,5.680721369571984e-05,0.998676117862557,1.4619647608631982e-06,-4.0,6.234780311584473,1603.905751325287,,,,,,,,,,,,,,,621,97497
97654,6220000,622,5.6354292610194534e-05,0.9986831491767091,1.4058544949118105e-06,-4.0,6.2959089279174805,1588.333013468118,,,,,,,,,,,,,,,622,97654
97811,6230000,623,5.619370494969189e-05,0.9986854347105251,1.35337132253559e-06,-4.0,6.05599045753479,1651.2575556584839,,,,,,,,,,,,,,,623,97811
97968,6240000,624,5.6054563174257055e-05,0.998700280006453,1.304516520520975e-06,-4.0,6.071119546890259,1647.1426600588334,,,,,,,,,,,,,,,624,97968
98125,6250000,625,5.569788481807336e-05,0.9986794581740597,1.2592912773850315e-06,-4.0,6.211632251739502,1609.8828125569742,,,,,,,,,,,,,,,625,98125
98282,6260000,626,5.4890562751097605e-05,0.9986812289964384,1.2176966933465868e-06,-4.0,6.305698394775391,1585.8671591850216,,,,,,,,,,,,,,,626,98282
98439,6270000,627,5.484766370500438e-05,0.9986744594736511,1.1797337802994912e-06,-4.0,6.197129011154175,1613.6504471669157,,,,,,,,,,,,,,,627,98439
98596,6280000,628,5.4649299272568896e-05,0.9986799154386138,1.1454034617880075e-06,-4.0,6.2125403881073,1609.647483200762,,,,,,,,,,,,,,,628,98596
98753,6290000,629,5.4596337577095255e-05,0.9986744160915185,1.1147065729842627e-06,-4.0,6.149637937545776,1626.1119925364,,,,,,,,,,,,,,,629,98753
98910,6300000,630,5.483570566866547e-05,0.9986781032042649,1.087643860668006e-06,-4.0,6.2448790073394775,1601.3120491601528,,,,,,,,,,,,,,,630,98910
99067,6310000,631,5.429869270301424e-05,0.9986793306014043,1.0642159832084004e-06,-4.0,6.265432119369507,1596.0591080518009,,,,,,,,,,,,,,,631,99067
99224,6320000,632,5.3931384172756225e-05,0.998682781708409,1.0444235105480655e-06,-4.0,6.2770891189575195,1593.0951131152285,,,,,,,,,,,,,,,632,99224
99381,6330000,633,5.343822340364568e-05,0.9986896366874575,1.0282669241891114e-06,-4.0,6.219507932662964,1607.8442391693147,,,,,,,,,,,,,,,633,99381
99538,6340000,634,5.3766238124808297e-05,0.9986735943854627,1.0157466171815478e-06,-4.0,6.283801555633545,1591.3933486704102,,,,,,,,,,,,,,,634,99538
99695,6350000,635,5.355913890525699e-05,0.9986801059445022,1.0068628941136057e-06,-4.0,6.290475606918335,1589.704916588801,,,,,,,,,,,,,,,635,99695
99852,6360000,636,5.365955803426914e-05,0.9986832743165065,1.001615971104408e-06,-4.0,6.208230257034302,1610.764998393768,,,,,,,,,,,,,,,636,99852
